Feature_Name,Leakage_Category,Leakage_Risk,Predictor_Eligibility,Rationale
Paper_ID,UNKNOWN_REVIEW,REVIEW,PREDICTOR_ELIGIBILITY_UNRESOLVED,Classification only; final feature inclusion is outside this QC pass.
DOI,UNKNOWN_REVIEW,REVIEW,PREDICTOR_ELIGIBILITY_UNRESOLVED,Classification only; final feature inclusion is outside this QC pass.
Paper_Title,UNKNOWN_REVIEW,REVIEW,PREDICTOR_ELIGIBILITY_UNRESOLVED,Classification only; final feature inclusion is outside this QC pass.
Condition_ID,UNKNOWN_REVIEW,REVIEW,PREDICTOR_ELIGIBILITY_UNRESOLVED,Classification only; final feature inclusion is outside this QC pass.
Experiment_Group_ID,UNKNOWN_REVIEW,REVIEW,PREDICTOR_ELIGIBILITY_UNRESOLVED,Classification only; final feature inclusion is outside this QC pass.
Original_Experiment_Group_ID,UNKNOWN_REVIEW,REVIEW,PREDICTOR_ELIGIBILITY_UNRESOLVED,Classification only; final feature inclusion is outside this QC pass.
Row_Type,UNKNOWN_REVIEW,REVIEW,PREDICTOR_ELIGIBILITY_UNRESOLVED,Classification only; final feature inclusion is outside this QC pass.
Alloy_ID,UNKNOWN_REVIEW,REVIEW,PREDICTOR_ELIGIBILITY_UNRESOLVED,Classification only; final feature inclusion is outside this QC pass.
Original_Composition,PRE_TEST_SAFE,REVIEW,PREDICTOR_ELIGIBILITY_UNRESOLVED,Classification only; final feature inclusion is outside this QC pass.
Composition_basis,PRE_TEST_SAFE,REVIEW,PREDICTOR_ELIGIBILITY_UNRESOLVED,Classification only; final feature inclusion is outside this QC pass.
Fe_at%,UNKNOWN_REVIEW,REVIEW,PREDICTOR_ELIGIBILITY_UNRESOLVED,Classification only; final feature inclusion is outside this QC pass.
Mn_at%,UNKNOWN_REVIEW,REVIEW,PREDICTOR_ELIGIBILITY_UNRESOLVED,Classification only; final feature inclusion is outside this QC pass.
Co_at%,UNKNOWN_REVIEW,REVIEW,PREDICTOR_ELIGIBILITY_UNRESOLVED,Classification only; final feature inclusion is outside this QC pass.
Cr_at%,UNKNOWN_REVIEW,REVIEW,PREDICTOR_ELIGIBILITY_UNRESOLVED,Classification only; final feature inclusion is outside this QC pass.
Ni_at%,UNKNOWN_REVIEW,REVIEW,PREDICTOR_ELIGIBILITY_UNRESOLVED,Classification only; final feature inclusion is outside this QC pass.
N_at%,UNKNOWN_REVIEW,REVIEW,PREDICTOR_ELIGIBILITY_UNRESOLVED,Classification only; final feature inclusion is outside this QC pass.
C_at%,UNKNOWN_REVIEW,REVIEW,PREDICTOR_ELIGIBILITY_UNRESOLVED,Classification only; final feature inclusion is outside this QC pass.
Mo_at%,UNKNOWN_REVIEW,REVIEW,PREDICTOR_ELIGIBILITY_UNRESOLVED,Classification only; final feature inclusion is outside this QC pass.
Si_at%,UNKNOWN_REVIEW,REVIEW,PREDICTOR_ELIGIBILITY_UNRESOLVED,Classification only; final feature inclusion is outside this QC pass.
Ti_at%,UNKNOWN_REVIEW,REVIEW,PREDICTOR_ELIGIBILITY_UNRESOLVED,Classification only; final feature inclusion is outside this QC pass.
V_at%,UNKNOWN_REVIEW,REVIEW,PREDICTOR_ELIGIBILITY_UNRESOLVED,Classification only; final feature inclusion is outside this QC pass.
Other_elements,UNKNOWN_REVIEW,REVIEW,PREDICTOR_ELIGIBILITY_UNRESOLVED,Classification only; final feature inclusion is outside this QC pass.
Processing_route,PRE_TEST_SAFE,REVIEW,PREDICTOR_ELIGIBILITY_UNRESOLVED,Classification only; final feature inclusion is outside this QC pass.
Cast_method,PRE_TEST_SAFE,REVIEW,PREDICTOR_ELIGIBILITY_UNRESOLVED,Classification only; final feature inclusion is outside this QC pass.
Homogenization_T_K,PRE_TEST_SAFE,REVIEW,PREDICTOR_ELIGIBILITY_UNRESOLVED,Classification only; final feature inclusion is outside this QC pass.
Homogenization_time_h,UNKNOWN_REVIEW,REVIEW,PREDICTOR_ELIGIBILITY_UNRESOLVED,Classification only; final feature inclusion is outside this QC pass.
Hot_rolling_T_K,UNKNOWN_REVIEW,REVIEW,PREDICTOR_ELIGIBILITY_UNRESOLVED,Classification only; final feature inclusion is outside this QC pass.
Hot_rolling_reduction_pct,UNKNOWN_REVIEW,REVIEW,PREDICTOR_ELIGIBILITY_UNRESOLVED,Classification only; final feature inclusion is outside this QC pass.
Cold_rolling_reduction_pct,PRE_TEST_SAFE,REVIEW,PREDICTOR_ELIGIBILITY_UNRESOLVED,Classification only; final feature inclusion is outside this QC pass.
Annealing_T_K,PRE_TEST_SAFE,REVIEW,PREDICTOR_ELIGIBILITY_UNRESOLVED,Classification only; final feature inclusion is outside this QC pass.
Annealing_time_min,UNKNOWN_REVIEW,REVIEW,PREDICTOR_ELIGIBILITY_UNRESOLVED,Classification only; final feature inclusion is outside this QC pass.
Cooling_route,UNKNOWN_REVIEW,REVIEW,PREDICTOR_ELIGIBILITY_UNRESOLVED,Classification only; final feature inclusion is outside this QC pass.
Test_T_K,TEST_CONDITION_SAFE,REVIEW,PREDICTOR_ELIGIBILITY_UNRESOLVED,Classification only; final feature inclusion is outside this QC pass.
Strain_rate_s-1,TEST_CONDITION_SAFE,REVIEW,PREDICTOR_ELIGIBILITY_UNRESOLVED,Classification only; final feature inclusion is outside this QC pass.
Gauge_length_mm,UNKNOWN_REVIEW,REVIEW,PREDICTOR_ELIGIBILITY_UNRESOLVED,Classification only; final feature inclusion is outside this QC pass.
Gauge_width_mm,UNKNOWN_REVIEW,REVIEW,PREDICTOR_ELIGIBILITY_UNRESOLVED,Classification only; final feature inclusion is outside this QC pass.
Specimen_thickness_mm,UNKNOWN_REVIEW,REVIEW,PREDICTOR_ELIGIBILITY_UNRESOLVED,Classification only; final feature inclusion is outside this QC pass.
True_strain,UNKNOWN_REVIEW,REVIEW,PREDICTOR_ELIGIBILITY_UNRESOLVED,Classification only; final feature inclusion is outside this QC pass.
Local_strain,UNKNOWN_REVIEW,REVIEW,PREDICTOR_ELIGIBILITY_UNRESOLVED,Classification only; final feature inclusion is outside this QC pass.
Deformation_stage,UNKNOWN_REVIEW,REVIEW,PREDICTOR_ELIGIBILITY_UNRESOLVED,Classification only; final feature inclusion is outside this QC pass.
Grain_size_um,PRE_TEST_SAFE,REVIEW,PREDICTOR_ELIGIBILITY_UNRESOLVED,Classification only; final feature inclusion is outside this QC pass.
Grain_size_SD_um,UNKNOWN_REVIEW,REVIEW,PREDICTOR_ELIGIBILITY_UNRESOLVED,Classification only; final feature inclusion is outside this QC pass.
Initial_FCC_fraction,PRE_TEST_SAFE,REVIEW,PREDICTOR_ELIGIBILITY_UNRESOLVED,Classification only; final feature inclusion is outside this QC pass.
Initial_HCP_fraction,PRE_TEST_SAFE,REVIEW,PREDICTOR_ELIGIBILITY_UNRESOLVED,Classification only; final feature inclusion is outside this QC pass.
Initial_twin_boundary_status,PRE_TEST_SAFE,REVIEW,PREDICTOR_ELIGIBILITY_UNRESOLVED,Classification only; final feature inclusion is outside this QC pass.
SFE_mJ_m2,UNKNOWN_REVIEW,REVIEW,PREDICTOR_ELIGIBILITY_UNRESOLVED,Classification only; final feature inclusion is outside this QC pass.
SFE_error_mJ_m2,UNKNOWN_REVIEW,REVIEW,PREDICTOR_ELIGIBILITY_UNRESOLVED,Classification only; final feature inclusion is outside this QC pass.
SFE_method,UNKNOWN_REVIEW,REVIEW,PREDICTOR_ELIGIBILITY_UNRESOLVED,Classification only; final feature inclusion is outside this QC pass.
DeltaG_FCC_HCP_J_mol,UNKNOWN_REVIEW,REVIEW,PREDICTOR_ELIGIBILITY_UNRESOLVED,Classification only; final feature inclusion is outside this QC pass.
DeltaG_method,UNKNOWN_REVIEW,REVIEW,PREDICTOR_ELIGIBILITY_UNRESOLVED,Classification only; final feature inclusion is outside this QC pass.
Elastic_modulus_GPa,UNKNOWN_REVIEW,REVIEW,PREDICTOR_ELIGIBILITY_UNRESOLVED,Classification only; final feature inclusion is outside this QC pass.
Shear_modulus_GPa,UNKNOWN_REVIEW,REVIEW,PREDICTOR_ELIGIBILITY_UNRESOLVED,Classification only; final feature inclusion is outside this QC pass.
Poisson_ratio,UNKNOWN_REVIEW,REVIEW,PREDICTOR_ELIGIBILITY_UNRESOLVED,Classification only; final feature inclusion is outside this QC pass.
Lattice_parameter_nm,UNKNOWN_REVIEW,REVIEW,PREDICTOR_ELIGIBILITY_UNRESOLVED,Classification only; final feature inclusion is outside this QC pass.
Atomic_size_misfit_pct,UNKNOWN_REVIEW,REVIEW,PREDICTOR_ELIGIBILITY_UNRESOLVED,Classification only; final feature inclusion is outside this QC pass.
CSRO_present,UNKNOWN_REVIEW,REVIEW,PREDICTOR_ELIGIBILITY_UNRESOLVED,Classification only; final feature inclusion is outside this QC pass.
TRIP,UNKNOWN_REVIEW,REVIEW,PREDICTOR_ELIGIBILITY_UNRESOLVED,Classification only; final feature inclusion is outside this QC pass.
TWIP,UNKNOWN_REVIEW,REVIEW,PREDICTOR_ELIGIBILITY_UNRESOLVED,Classification only; final feature inclusion is outside this QC pass.
Slip,UNKNOWN_REVIEW,REVIEW,PREDICTOR_ELIGIBILITY_UNRESOLVED,Classification only; final feature inclusion is outside this QC pass.
Stacking_faulting,UNKNOWN_REVIEW,REVIEW,PREDICTOR_ELIGIBILITY_UNRESOLVED,Classification only; final feature inclusion is outside this QC pass.
HCP_to_FCC_reversion,UNKNOWN_REVIEW,REVIEW,PREDICTOR_ELIGIBILITY_UNRESOLVED,Classification only; final feature inclusion is outside this QC pass.
Dominant_mechanism,UNKNOWN_REVIEW,REVIEW,PREDICTOR_ELIGIBILITY_UNRESOLVED,Classification only; final feature inclusion is outside this QC pass.
HCP_fraction_at_condition,POST_TEST_MECHANISM_EVIDENCE,HIGH,PREDICTOR_ELIGIBILITY_UNRESOLVED,Classification only; final feature inclusion is outside this QC pass.
Twin_fraction_or_Sigma3,POST_TEST_MECHANISM_EVIDENCE,HIGH,PREDICTOR_ELIGIBILITY_UNRESOLVED,Classification only; final feature inclusion is outside this QC pass.
Twin_thickness_nm,UNKNOWN_REVIEW,REVIEW,PREDICTOR_ELIGIBILITY_UNRESOLVED,Classification only; final feature inclusion is outside this QC pass.
HCP_lath_or_lamella_note,UNKNOWN_REVIEW,REVIEW,PREDICTOR_ELIGIBILITY_UNRESOLVED,Classification only; final feature inclusion is outside this QC pass.
YS_MPa,POST_TEST_MECHANICAL_OUTCOME,HIGH,PREDICTOR_ELIGIBILITY_UNRESOLVED,Classification only; final feature inclusion is outside this QC pass.
YS_error_MPa,UNKNOWN_REVIEW,REVIEW,PREDICTOR_ELIGIBILITY_UNRESOLVED,Classification only; final feature inclusion is outside this QC pass.
UTS_MPa,POST_TEST_MECHANICAL_OUTCOME,HIGH,PREDICTOR_ELIGIBILITY_UNRESOLVED,Classification only; final feature inclusion is outside this QC pass.
UTS_error_MPa,UNKNOWN_REVIEW,REVIEW,PREDICTOR_ELIGIBILITY_UNRESOLVED,Classification only; final feature inclusion is outside this QC pass.
Elongation_pct,POST_TEST_MECHANICAL_OUTCOME,HIGH,PREDICTOR_ELIGIBILITY_UNRESOLVED,Classification only; final feature inclusion is outside this QC pass.
Elongation_error_pct,UNKNOWN_REVIEW,REVIEW,PREDICTOR_ELIGIBILITY_UNRESOLVED,Classification only; final feature inclusion is outside this QC pass.
Uniform_elongation_pct,POST_TEST_MECHANICAL_OUTCOME,HIGH,PREDICTOR_ELIGIBILITY_UNRESOLVED,Classification only; final feature inclusion is outside this QC pass.
Critical_twin_stress_MPa,MODEL_DERIVED_FROM_LOADING,HIGH,PREDICTOR_ELIGIBILITY_UNRESOLVED,Classification only; final feature inclusion is outside this QC pass.
Critical_TRIP_stress_MPa,MODEL_DERIVED_FROM_LOADING,HIGH,PREDICTOR_ELIGIBILITY_UNRESOLVED,Classification only; final feature inclusion is outside this QC pass.
Twin_onset_true_strain,UNKNOWN_REVIEW,REVIEW,PREDICTOR_ELIGIBILITY_UNRESOLVED,Classification only; final feature inclusion is outside this QC pass.
TRIP_onset_true_strain,UNKNOWN_REVIEW,REVIEW,PREDICTOR_ELIGIBILITY_UNRESOLVED,Classification only; final feature inclusion is outside this QC pass.
Adiabatic_temperature_K,UNKNOWN_REVIEW,REVIEW,PREDICTOR_ELIGIBILITY_UNRESOLVED,Classification only; final feature inclusion is outside this QC pass.
SFE_increase_dynamic_mJ_m2,UNKNOWN_REVIEW,REVIEW,PREDICTOR_ELIGIBILITY_UNRESOLVED,Classification only; final feature inclusion is outside this QC pass.
Evidence_TRIP,UNKNOWN_REVIEW,REVIEW,PREDICTOR_ELIGIBILITY_UNRESOLVED,Classification only; final feature inclusion is outside this QC pass.
Evidence_TWIP,UNKNOWN_REVIEW,REVIEW,PREDICTOR_ELIGIBILITY_UNRESOLVED,Classification only; final feature inclusion is outside this QC pass.
Characterization_methods,UNKNOWN_REVIEW,REVIEW,PREDICTOR_ELIGIBILITY_UNRESOLVED,Classification only; final feature inclusion is outside this QC pass.
Image_usable_for_descriptors,UNKNOWN_REVIEW,REVIEW,PREDICTOR_ELIGIBILITY_UNRESOLVED,Classification only; final feature inclusion is outside this QC pass.
Source_location,UNKNOWN_REVIEW,REVIEW,PREDICTOR_ELIGIBILITY_UNRESOLVED,Classification only; final feature inclusion is outside this QC pass.
Label_confidence,UNKNOWN_REVIEW,REVIEW,PREDICTOR_ELIGIBILITY_UNRESOLVED,Classification only; final feature inclusion is outside this QC pass.
Notes,UNKNOWN_REVIEW,REVIEW,PREDICTOR_ELIGIBILITY_UNRESOLVED,Classification only; final feature inclusion is outside this QC pass.
Unmapped_Fields,UNKNOWN_REVIEW,REVIEW,PREDICTOR_ELIGIBILITY_UNRESOLVED,Classification only; final feature inclusion is outside this QC pass.
Source_File,UNKNOWN_REVIEW,REVIEW,PREDICTOR_ELIGIBILITY_UNRESOLVED,Classification only; final feature inclusion is outside this QC pass.
Source_Sheet,UNKNOWN_REVIEW,REVIEW,PREDICTOR_ELIGIBILITY_UNRESOLVED,Classification only; final feature inclusion is outside this QC pass.
Schema_Mapping_Review,UNKNOWN_REVIEW,REVIEW,PREDICTOR_ELIGIBILITY_UNRESOLVED,Classification only; final feature inclusion is outside this QC pass.
QC_Status,UNKNOWN_REVIEW,REVIEW,PREDICTOR_ELIGIBILITY_UNRESOLVED,Classification only; final feature inclusion is outside this QC pass.
Requires_Manual_Review,UNKNOWN_REVIEW,REVIEW,PREDICTOR_ELIGIBILITY_UNRESOLVED,Classification only; final feature inclusion is outside this QC pass.
Row_Role,UNKNOWN_REVIEW,REVIEW,PREDICTOR_ELIGIBILITY_UNRESOLVED,Classification only; final feature inclusion is outside this QC pass.
Target_Review_Status,UNKNOWN_REVIEW,REVIEW,PREDICTOR_ELIGIBILITY_UNRESOLVED,Classification only; final feature inclusion is outside this QC pass.
Schema_Review_Status,UNKNOWN_REVIEW,REVIEW,PREDICTOR_ELIGIBILITY_UNRESOLVED,Classification only; final feature inclusion is outside this QC pass.
Parent_Experiment_ID,UNKNOWN_REVIEW,REVIEW,PREDICTOR_ELIGIBILITY_UNRESOLVED,Classification only; final feature inclusion is outside this QC pass.
ML_Condition_ID,UNKNOWN_REVIEW,REVIEW,PREDICTOR_ELIGIBILITY_UNRESOLVED,Classification only; final feature inclusion is outside this QC pass.
Observation_ID,UNKNOWN_REVIEW,REVIEW,PREDICTOR_ELIGIBILITY_UNRESOLVED,Classification only; final feature inclusion is outside this QC pass.
Data_Origin,UNKNOWN_REVIEW,REVIEW,PREDICTOR_ELIGIBILITY_UNRESOLVED,Classification only; final feature inclusion is outside this QC pass.
Observation_Role,UNKNOWN_REVIEW,REVIEW,PREDICTOR_ELIGIBILITY_UNRESOLVED,Classification only; final feature inclusion is outside this QC pass.
Deformation_Stage_ID,UNKNOWN_REVIEW,REVIEW,PREDICTOR_ELIGIBILITY_UNRESOLVED,Classification only; final feature inclusion is outside this QC pass.
Grouping_Review_Required,UNKNOWN_REVIEW,REVIEW,PREDICTOR_ELIGIBILITY_UNRESOLVED,Classification only; final feature inclusion is outside this QC pass.
Grouping_Confidence,UNKNOWN_REVIEW,REVIEW,PREDICTOR_ELIGIBILITY_UNRESOLVED,Classification only; final feature inclusion is outside this QC pass.
Grouping_Reason,UNKNOWN_REVIEW,REVIEW,PREDICTOR_ELIGIBILITY_UNRESOLVED,Classification only; final feature inclusion is outside this QC pass.
Recovered_Grain_size_um,UNKNOWN_REVIEW,REVIEW,PREDICTOR_ELIGIBILITY_UNRESOLVED,Classification only; final feature inclusion is outside this QC pass.
Recovered_ISFE_DFT_0K_mJ_m2,COMPUTATIONAL_ONLY,DOMAIN,PREDICTOR_ELIGIBILITY_UNRESOLVED,Classification only; final feature inclusion is outside this QC pass.
Recovered_DeltaG_FCC_HCP_300K_J_mol,UNKNOWN_REVIEW,REVIEW,PREDICTOR_ELIGIBILITY_UNRESOLVED,Classification only; final feature inclusion is outside this QC pass.
Recovered_YS_MPa,UNKNOWN_REVIEW,REVIEW,PREDICTOR_ELIGIBILITY_UNRESOLVED,Classification only; final feature inclusion is outside this QC pass.
Recovered_UTS_MPa,UNKNOWN_REVIEW,REVIEW,PREDICTOR_ELIGIBILITY_UNRESOLVED,Classification only; final feature inclusion is outside this QC pass.
Recovered_Elongation_pct,UNKNOWN_REVIEW,REVIEW,PREDICTOR_ELIGIBILITY_UNRESOLVED,Classification only; final feature inclusion is outside this QC pass.
Recovered_Uniform_elongation_pct,UNKNOWN_REVIEW,REVIEW,PREDICTOR_ELIGIBILITY_UNRESOLVED,Classification only; final feature inclusion is outside this QC pass.
Recovered_Initial_FCC_fraction,UNKNOWN_REVIEW,REVIEW,PREDICTOR_ELIGIBILITY_UNRESOLVED,Classification only; final feature inclusion is outside this QC pass.
Recovered_Initial_HCP_fraction,UNKNOWN_REVIEW,REVIEW,PREDICTOR_ELIGIBILITY_UNRESOLVED,Classification only; final feature inclusion is outside this QC pass.
Recovered_TRIP,UNKNOWN_REVIEW,REVIEW,PREDICTOR_ELIGIBILITY_UNRESOLVED,Classification only; final feature inclusion is outside this QC pass.
Recovered_TWIP,UNKNOWN_REVIEW,REVIEW,PREDICTOR_ELIGIBILITY_UNRESOLVED,Classification only; final feature inclusion is outside this QC pass.
Recovered_Recrystallized_fraction,UNKNOWN_REVIEW,REVIEW,PREDICTOR_ELIGIBILITY_UNRESOLVED,Classification only; final feature inclusion is outside this QC pass.
Recovered_SFE_assumed_for_calculation_mJ_m2,REFERENCE_CONSTANT,REVIEW,PREDICTOR_ELIGIBILITY_UNRESOLVED,Classification only; final feature inclusion is outside this QC pass.
Recovery_Provenance_JSON,UNKNOWN_REVIEW,REVIEW,PREDICTOR_ELIGIBILITY_UNRESOLVED,Classification only; final feature inclusion is outside this QC pass.
Target_Correction_TRIP,UNKNOWN_REVIEW,REVIEW,PREDICTOR_ELIGIBILITY_UNRESOLVED,Classification only; final feature inclusion is outside this QC pass.
Target_Correction_TWIP,UNKNOWN_REVIEW,REVIEW,PREDICTOR_ELIGIBILITY_UNRESOLVED,Classification only; final feature inclusion is outside this QC pass.
Resolution_Provenance_JSON,UNKNOWN_REVIEW,REVIEW,PREDICTOR_ELIGIBILITY_UNRESOLVED,Classification only; final feature inclusion is outside this QC pass.
Effective_TRIP,POST_TEST_MECHANISM_EVIDENCE,HIGH,PREDICTOR_ELIGIBILITY_UNRESOLVED,Classification only; final feature inclusion is outside this QC pass.
Effective_TWIP,POST_TEST_MECHANISM_EVIDENCE,HIGH,PREDICTOR_ELIGIBILITY_UNRESOLVED,Classification only; final feature inclusion is outside this QC pass.
Study_Series_ID,UNKNOWN_REVIEW,REVIEW,PREDICTOR_ELIGIBILITY_UNRESOLVED,Classification only; final feature inclusion is outside this QC pass.
Material_Parent_ID,UNKNOWN_REVIEW,REVIEW,PREDICTOR_ELIGIBILITY_UNRESOLVED,Classification only; final feature inclusion is outside this QC pass.
Physical_Batch_ID,UNKNOWN_REVIEW,REVIEW,PREDICTOR_ELIGIBILITY_UNRESOLVED,Classification only; final feature inclusion is outside this QC pass.
Replicate_ID,UNKNOWN_REVIEW,REVIEW,PREDICTOR_ELIGIBILITY_UNRESOLVED,Classification only; final feature inclusion is outside this QC pass.
Leakage_Group_Strict,UNKNOWN_REVIEW,REVIEW,PREDICTOR_ELIGIBILITY_UNRESOLVED,Classification only; final feature inclusion is outside this QC pass.
Leakage_Group_Material,UNKNOWN_REVIEW,REVIEW,PREDICTOR_ELIGIBILITY_UNRESOLVED,Classification only; final feature inclusion is outside this QC pass.
Parent_Linkage_Status,UNKNOWN_REVIEW,REVIEW,PREDICTOR_ELIGIBILITY_UNRESOLVED,Classification only; final feature inclusion is outside this QC pass.
Aggregate_Property_Status,UNKNOWN_REVIEW,REVIEW,PREDICTOR_ELIGIBILITY_UNRESOLVED,Classification only; final feature inclusion is outside this QC pass.
Parent_ML_Condition_ID,UNKNOWN_REVIEW,REVIEW,PREDICTOR_ELIGIBILITY_UNRESOLVED,Classification only; final feature inclusion is outside this QC pass.
YS_mean,UNKNOWN_REVIEW,REVIEW,PREDICTOR_ELIGIBILITY_UNRESOLVED,Classification only; final feature inclusion is outside this QC pass.
YS_uncertainty,UNKNOWN_REVIEW,REVIEW,PREDICTOR_ELIGIBILITY_UNRESOLVED,Classification only; final feature inclusion is outside this QC pass.
UTS_mean,UNKNOWN_REVIEW,REVIEW,PREDICTOR_ELIGIBILITY_UNRESOLVED,Classification only; final feature inclusion is outside this QC pass.
UTS_uncertainty,UNKNOWN_REVIEW,REVIEW,PREDICTOR_ELIGIBILITY_UNRESOLVED,Classification only; final feature inclusion is outside this QC pass.
TE_mean,UNKNOWN_REVIEW,REVIEW,PREDICTOR_ELIGIBILITY_UNRESOLVED,Classification only; final feature inclusion is outside this QC pass.
TE_uncertainty,UNKNOWN_REVIEW,REVIEW,PREDICTOR_ELIGIBILITY_UNRESOLVED,Classification only; final feature inclusion is outside this QC pass.
UE_mean,UNKNOWN_REVIEW,REVIEW,PREDICTOR_ELIGIBILITY_UNRESOLVED,Classification only; final feature inclusion is outside this QC pass.
UE_uncertainty,UNKNOWN_REVIEW,REVIEW,PREDICTOR_ELIGIBILITY_UNRESOLVED,Classification only; final feature inclusion is outside this QC pass.
Replicate_n,UNKNOWN_REVIEW,REVIEW,PREDICTOR_ELIGIBILITY_UNRESOLVED,Classification only; final feature inclusion is outside this QC pass.
uncertainty_type,UNKNOWN_REVIEW,REVIEW,PREDICTOR_ELIGIBILITY_UNRESOLVED,Classification only; final feature inclusion is outside this QC pass.
P008_Record_Role,UNKNOWN_REVIEW,REVIEW,PREDICTOR_ELIGIBILITY_UNRESOLVED,Classification only; final feature inclusion is outside this QC pass.
P008_Legacy_Mapping_Status,UNKNOWN_REVIEW,REVIEW,PREDICTOR_ELIGIBILITY_UNRESOLVED,Classification only; final feature inclusion is outside this QC pass.
P008_Source_State,UNKNOWN_REVIEW,REVIEW,PREDICTOR_ELIGIBILITY_UNRESOLVED,Classification only; final feature inclusion is outside this QC pass.
Recovered_Bulk_Composition_at_pct,UNKNOWN_REVIEW,REVIEW,PREDICTOR_ELIGIBILITY_UNRESOLVED,Classification only; final feature inclusion is outside this QC pass.
Recovered_Composition_Status,UNKNOWN_REVIEW,REVIEW,PREDICTOR_ELIGIBILITY_UNRESOLVED,Classification only; final feature inclusion is outside this QC pass.
Recovered_Processing_route,UNKNOWN_REVIEW,REVIEW,PREDICTOR_ELIGIBILITY_UNRESOLVED,Classification only; final feature inclusion is outside this QC pass.
Recovered_Test_T_Reported,UNKNOWN_REVIEW,REVIEW,PREDICTOR_ELIGIBILITY_UNRESOLVED,Classification only; final feature inclusion is outside this QC pass.
Recovered_Test_T_Status,UNKNOWN_REVIEW,REVIEW,PREDICTOR_ELIGIBILITY_UNRESOLVED,Classification only; final feature inclusion is outside this QC pass.
Recovered_Grain_size_scope,UNKNOWN_REVIEW,REVIEW,PREDICTOR_ELIGIBILITY_UNRESOLVED,Classification only; final feature inclusion is outside this QC pass.
Recovered_Grain_size_status,UNKNOWN_REVIEW,REVIEW,PREDICTOR_ELIGIBILITY_UNRESOLVED,Classification only; final feature inclusion is outside this QC pass.
Recovered_Initial_HCP_status,UNKNOWN_REVIEW,REVIEW,PREDICTOR_ELIGIBILITY_UNRESOLVED,Classification only; final feature inclusion is outside this QC pass.
Initial_BCC_alpha_martensite_fraction,UNKNOWN_REVIEW,REVIEW,PREDICTOR_ELIGIBILITY_UNRESOLVED,Classification only; final feature inclusion is outside this QC pass.
Initial_BCC_alpha_martensite_status,UNKNOWN_REVIEW,REVIEW,PREDICTOR_ELIGIBILITY_UNRESOLVED,Classification only; final feature inclusion is outside this QC pass.
Recovered_Recrystallized_fraction_status,UNKNOWN_REVIEW,REVIEW,PREDICTOR_ELIGIBILITY_UNRESOLVED,Classification only; final feature inclusion is outside this QC pass.
Recovered_YS_status,UNKNOWN_REVIEW,REVIEW,PREDICTOR_ELIGIBILITY_UNRESOLVED,Classification only; final feature inclusion is outside this QC pass.
Recovered_UTS_status,UNKNOWN_REVIEW,REVIEW,PREDICTOR_ELIGIBILITY_UNRESOLVED,Classification only; final feature inclusion is outside this QC pass.
Recovered_Uniform_elongation_status,UNKNOWN_REVIEW,REVIEW,PREDICTOR_ELIGIBILITY_UNRESOLVED,Classification only; final feature inclusion is outside this QC pass.
SFE_scope,UNKNOWN_REVIEW,REVIEW,PREDICTOR_ELIGIBILITY_UNRESOLVED,Classification only; final feature inclusion is outside this QC pass.
SFE_value_alloy_level_mJ_m2,UNKNOWN_REVIEW,REVIEW,PREDICTOR_ELIGIBILITY_UNRESOLVED,Classification only; final feature inclusion is outside this QC pass.
SFE_status,UNKNOWN_REVIEW,REVIEW,PREDICTOR_ELIGIBILITY_UNRESOLVED,Classification only; final feature inclusion is outside this QC pass.
SFE_source_provenance,UNKNOWN_REVIEW,REVIEW,PREDICTOR_ELIGIBILITY_UNRESOLVED,Classification only; final feature inclusion is outside this QC pass.
Alpha_lath_thickness,UNKNOWN_REVIEW,REVIEW,PREDICTOR_ELIGIBILITY_UNRESOLVED,Classification only; final feature inclusion is outside this QC pass.
Alpha_lath_spacing,UNKNOWN_REVIEW,REVIEW,PREDICTOR_ELIGIBILITY_UNRESOLVED,Classification only; final feature inclusion is outside this QC pass.
Recovery_twin_fraction,UNKNOWN_REVIEW,REVIEW,PREDICTOR_ELIGIBILITY_UNRESOLVED,Classification only; final feature inclusion is outside this QC pass.
Recovery_twin_thickness,UNKNOWN_REVIEW,REVIEW,PREDICTOR_ELIGIBILITY_UNRESOLVED,Classification only; final feature inclusion is outside this QC pass.
Recovery_twin_spacing_observed,UNKNOWN_REVIEW,REVIEW,PREDICTOR_ELIGIBILITY_UNRESOLVED,Classification only; final feature inclusion is outside this QC pass.
Recovery_twin_spacing_fraction_input_nm,UNKNOWN_REVIEW,REVIEW,PREDICTOR_ELIGIBILITY_UNRESOLVED,Classification only; final feature inclusion is outside this QC pass.
Deformation_twin_width,UNKNOWN_REVIEW,REVIEW,PREDICTOR_ELIGIBILITY_UNRESOLVED,Classification only; final feature inclusion is outside this QC pass.
Deformation_twin_spacing,UNKNOWN_REVIEW,REVIEW,PREDICTOR_ELIGIBILITY_UNRESOLVED,Classification only; final feature inclusion is outside this QC pass.
Precipitate_type,UNKNOWN_REVIEW,REVIEW,PREDICTOR_ELIGIBILITY_UNRESOLVED,Classification only; final feature inclusion is outside this QC pass.
APT_local_composition,UNKNOWN_REVIEW,REVIEW,PREDICTOR_ELIGIBILITY_UNRESOLVED,Classification only; final feature inclusion is outside this QC pass.
EDS_local_composition,UNKNOWN_REVIEW,REVIEW,PREDICTOR_ELIGIBILITY_UNRESOLVED,Classification only; final feature inclusion is outside this QC pass.
P008_Recovery_Provenance_JSON,UNKNOWN_REVIEW,REVIEW,PREDICTOR_ELIGIBILITY_UNRESOLVED,Classification only; final feature inclusion is outside this QC pass.
Independent_ML_sample,UNKNOWN_REVIEW,REVIEW,PREDICTOR_ELIGIBILITY_UNRESOLVED,Classification only; final feature inclusion is outside this QC pass.
Nominal_Composition_at_pct,PRE_TEST_SAFE,REVIEW,PREDICTOR_ELIGIBILITY_UNRESOLVED,Classification only; final feature inclusion is outside this QC pass.
Measured_Composition_Status,UNKNOWN_REVIEW,REVIEW,PREDICTOR_ELIGIBILITY_UNRESOLVED,Classification only; final feature inclusion is outside this QC pass.
Cr_at%_uncertainty,UNKNOWN_REVIEW,REVIEW,PREDICTOR_ELIGIBILITY_UNRESOLVED,Classification only; final feature inclusion is outside this QC pass.
Mn_at%_uncertainty,UNKNOWN_REVIEW,REVIEW,PREDICTOR_ELIGIBILITY_UNRESOLVED,Classification only; final feature inclusion is outside this QC pass.
Fe_at%_uncertainty,UNKNOWN_REVIEW,REVIEW,PREDICTOR_ELIGIBILITY_UNRESOLVED,Classification only; final feature inclusion is outside this QC pass.
Co_at%_uncertainty,UNKNOWN_REVIEW,REVIEW,PREDICTOR_ELIGIBILITY_UNRESOLVED,Classification only; final feature inclusion is outside this QC pass.
Ni_at%_uncertainty,UNKNOWN_REVIEW,REVIEW,PREDICTOR_ELIGIBILITY_UNRESOLVED,Classification only; final feature inclusion is outside this QC pass.
Initial_Phase_State_Qualitative,UNKNOWN_REVIEW,REVIEW,PREDICTOR_ELIGIBILITY_UNRESOLVED,Classification only; final feature inclusion is outside this QC pass.
Initial_Phase_Status,UNKNOWN_REVIEW,REVIEW,PREDICTOR_ELIGIBILITY_UNRESOLVED,Classification only; final feature inclusion is outside this QC pass.
Magnetic_transition_T_K,UNKNOWN_REVIEW,REVIEW,PREDICTOR_ELIGIBILITY_UNRESOLVED,Classification only; final feature inclusion is outside this QC pass.
Magnetic_transition_Status,UNKNOWN_REVIEW,REVIEW,PREDICTOR_ELIGIBILITY_UNRESOLVED,Classification only; final feature inclusion is outside this QC pass.
Low_T_Magnetic_Behavior,UNKNOWN_REVIEW,REVIEW,PREDICTOR_ELIGIBILITY_UNRESOLVED,Classification only; final feature inclusion is outside this QC pass.
Low_T_Magnetic_Behavior_T_K,UNKNOWN_REVIEW,REVIEW,PREDICTOR_ELIGIBILITY_UNRESOLVED,Classification only; final feature inclusion is outside this QC pass.
Computational_Magnetic_States,UNKNOWN_REVIEW,REVIEW,PREDICTOR_ELIGIBILITY_UNRESOLVED,Classification only; final feature inclusion is outside this QC pass.
PM_Model,UNKNOWN_REVIEW,REVIEW,PREDICTOR_ELIGIBILITY_UNRESOLVED,Classification only; final feature inclusion is outside this QC pass.
AFM_Model,UNKNOWN_REVIEW,REVIEW,PREDICTOR_ELIGIBILITY_UNRESOLVED,Classification only; final feature inclusion is outside this QC pass.
Computational_SFE_Scope,UNKNOWN_REVIEW,REVIEW,PREDICTOR_ELIGIBILITY_UNRESOLVED,Classification only; final feature inclusion is outside this QC pass.
SFE_Relative_Trend,UNKNOWN_REVIEW,REVIEW,PREDICTOR_ELIGIBILITY_UNRESOLVED,Classification only; final feature inclusion is outside this QC pass.
Finite_T_SFE_Excitations_Status,UNKNOWN_REVIEW,REVIEW,PREDICTOR_ELIGIBILITY_UNRESOLVED,Classification only; final feature inclusion is outside this QC pass.
P010_Record_Role,UNKNOWN_REVIEW,REVIEW,PREDICTOR_ELIGIBILITY_UNRESOLVED,Classification only; final feature inclusion is outside this QC pass.
P010_Recovery_Provenance_JSON,UNKNOWN_REVIEW,REVIEW,PREDICTOR_ELIGIBILITY_UNRESOLVED,Classification only; final feature inclusion is outside this QC pass.
Processing_State_ID,UNKNOWN_REVIEW,REVIEW,PREDICTOR_ELIGIBILITY_UNRESOLVED,Classification only; final feature inclusion is outside this QC pass.
Source_Material_ID,UNKNOWN_REVIEW,REVIEW,PREDICTOR_ELIGIBILITY_UNRESOLVED,Classification only; final feature inclusion is outside this QC pass.
Sintering_T_C,UNKNOWN_REVIEW,REVIEW,PREDICTOR_ELIGIBILITY_UNRESOLVED,Classification only; final feature inclusion is outside this QC pass.
Relative_Density_pct,UNKNOWN_REVIEW,REVIEW,PREDICTOR_ELIGIBILITY_UNRESOLVED,Classification only; final feature inclusion is outside this QC pass.
Effective_Grain_Size_Including_TB_PhaseBoundary_um,UNKNOWN_REVIEW,REVIEW,PREDICTOR_ELIGIBILITY_UNRESOLVED,Classification only; final feature inclusion is outside this QC pass.
Initial_Sigma3_TB_fraction,UNKNOWN_REVIEW,REVIEW,PREDICTOR_ELIGIBILITY_UNRESOLVED,Classification only; final feature inclusion is outside this QC pass.
Initial_Twin_Type,UNKNOWN_REVIEW,REVIEW,PREDICTOR_ELIGIBILITY_UNRESOLVED,Classification only; final feature inclusion is outside this QC pass.
Mn_Oxide_Area_Fraction,UNKNOWN_REVIEW,REVIEW,PREDICTOR_ELIGIBILITY_UNRESOLVED,Classification only; final feature inclusion is outside this QC pass.
SPS_Pressure_MPa,UNKNOWN_REVIEW,REVIEW,PREDICTOR_ELIGIBILITY_UNRESOLVED,Classification only; final feature inclusion is outside this QC pass.
SPS_Time_min,UNKNOWN_REVIEW,REVIEW,PREDICTOR_ELIGIBILITY_UNRESOLVED,Classification only; final feature inclusion is outside this QC pass.
SPS_Vacuum_Pa,UNKNOWN_REVIEW,REVIEW,PREDICTOR_ELIGIBILITY_UNRESOLVED,Classification only; final feature inclusion is outside this QC pass.
Detwinning,UNKNOWN_REVIEW,REVIEW,PREDICTOR_ELIGIBILITY_UNRESOLVED,Classification only; final feature inclusion is outside this QC pass.
Feedstock_Composition_at_pct,UNKNOWN_REVIEW,REVIEW,PREDICTOR_ELIGIBILITY_UNRESOLVED,Classification only; final feature inclusion is outside this QC pass.
Feedstock_Composition_Method,UNKNOWN_REVIEW,REVIEW,PREDICTOR_ELIGIBILITY_UNRESOLVED,Classification only; final feature inclusion is outside this QC pass.
Feedstock_Composition_Scope,UNKNOWN_REVIEW,REVIEW,PREDICTOR_ELIGIBILITY_UNRESOLVED,Classification only; final feature inclusion is outside this QC pass.
Local_EDS_Composition_at_pct,UNKNOWN_REVIEW,REVIEW,PREDICTOR_ELIGIBILITY_UNRESOLVED,Classification only; final feature inclusion is outside this QC pass.
Local_EDS_Composition_Scope,UNKNOWN_REVIEW,REVIEW,PREDICTOR_ELIGIBILITY_UNRESOLVED,Classification only; final feature inclusion is outside this QC pass.
FCC_lattice_a_XRD_A,UNKNOWN_REVIEW,REVIEW,PREDICTOR_ELIGIBILITY_UNRESOLVED,Classification only; final feature inclusion is outside this QC pass.
HCP_lattice_a_XRD_A,UNKNOWN_REVIEW,REVIEW,PREDICTOR_ELIGIBILITY_UNRESOLVED,Classification only; final feature inclusion is outside this QC pass.
HCP_lattice_c_XRD_A,UNKNOWN_REVIEW,REVIEW,PREDICTOR_ELIGIBILITY_UNRESOLVED,Classification only; final feature inclusion is outside this QC pass.
KAM_mean_deg,UNKNOWN_REVIEW,REVIEW,PREDICTOR_ELIGIBILITY_UNRESOLVED,Classification only; final feature inclusion is outside this QC pass.
HCP_lath_thickness_nm,UNKNOWN_REVIEW,REVIEW,PREDICTOR_ELIGIBILITY_UNRESOLVED,Classification only; final feature inclusion is outside this QC pass.
Deformation_Twin_thickness_nm,UNKNOWN_REVIEW,REVIEW,PREDICTOR_ELIGIBILITY_UNRESOLVED,Classification only; final feature inclusion is outside this QC pass.
P011_Record_Role,UNKNOWN_REVIEW,REVIEW,PREDICTOR_ELIGIBILITY_UNRESOLVED,Classification only; final feature inclusion is outside this QC pass.
P011_Target_Status,UNKNOWN_REVIEW,REVIEW,PREDICTOR_ELIGIBILITY_UNRESOLVED,Classification only; final feature inclusion is outside this QC pass.
P011_Negative_TWIP_Evidence,UNKNOWN_REVIEW,REVIEW,PREDICTOR_ELIGIBILITY_UNRESOLVED,Classification only; final feature inclusion is outside this QC pass.
P011_Recovery_Provenance_JSON,UNKNOWN_REVIEW,REVIEW,PREDICTOR_ELIGIBILITY_UNRESOLVED,Classification only; final feature inclusion is outside this QC pass.
Original_TRIP,UNKNOWN_REVIEW,REVIEW,PREDICTOR_ELIGIBILITY_UNRESOLVED,Classification only; final feature inclusion is outside this QC pass.
Original_TWIP,UNKNOWN_REVIEW,REVIEW,PREDICTOR_ELIGIBILITY_UNRESOLVED,Classification only; final feature inclusion is outside this QC pass.
P012_Record_Role,UNKNOWN_REVIEW,REVIEW,PREDICTOR_ELIGIBILITY_UNRESOLVED,Classification only; final feature inclusion is outside this QC pass.
Measured_Composition_at_pct,PRE_TEST_SAFE,REVIEW,PREDICTOR_ELIGIBILITY_UNRESOLVED,Classification only; final feature inclusion is outside this QC pass.
Measured_Composition_Method,UNKNOWN_REVIEW,REVIEW,PREDICTOR_ELIGIBILITY_UNRESOLVED,Classification only; final feature inclusion is outside this QC pass.
Grain_Size_Including_TB_as_HAB_um,UNKNOWN_REVIEW,REVIEW,PREDICTOR_ELIGIBILITY_UNRESOLVED,Classification only; final feature inclusion is outside this QC pass.
XRD_Replicate_n,UNKNOWN_REVIEW,REVIEW,PREDICTOR_ELIGIBILITY_UNRESOLVED,Classification only; final feature inclusion is outside this QC pass.
XRD_Replicate_Scope,UNKNOWN_REVIEW,REVIEW,PREDICTOR_ELIGIBILITY_UNRESOLVED,Classification only; final feature inclusion is outside this QC pass.
Gauge_Cross_Section_mm,UNKNOWN_REVIEW,REVIEW,PREDICTOR_ELIGIBILITY_UNRESOLVED,Classification only; final feature inclusion is outside this QC pass.
Loading_Direction,UNKNOWN_REVIEW,REVIEW,PREDICTOR_ELIGIBILITY_UNRESOLVED,Classification only; final feature inclusion is outside this QC pass.
GND_density_m-2,UNKNOWN_REVIEW,REVIEW,PREDICTOR_ELIGIBILITY_UNRESOLVED,Classification only; final feature inclusion is outside this QC pass.
Martensite_lath_thickness,UNKNOWN_REVIEW,REVIEW,PREDICTOR_ELIGIBILITY_UNRESOLVED,Classification only; final feature inclusion is outside this QC pass.
Martensite_interspace_nm,UNKNOWN_REVIEW,REVIEW,PREDICTOR_ELIGIBILITY_UNRESOLVED,Classification only; final feature inclusion is outside this QC pass.
Observed_Microstructure,UNKNOWN_REVIEW,REVIEW,PREDICTOR_ELIGIBILITY_UNRESOLVED,Classification only; final feature inclusion is outside this QC pass.
P012_Target_Status,UNKNOWN_REVIEW,REVIEW,PREDICTOR_ELIGIBILITY_UNRESOLVED,Classification only; final feature inclusion is outside this QC pass.
P012_Recovery_Provenance_JSON,UNKNOWN_REVIEW,REVIEW,PREDICTOR_ELIGIBILITY_UNRESOLVED,Classification only; final feature inclusion is outside this QC pass.
P013_Record_Role,UNKNOWN_REVIEW,REVIEW,PREDICTOR_ELIGIBILITY_UNRESOLVED,Classification only; final feature inclusion is outside this QC pass.
P013_Target_Status,UNKNOWN_REVIEW,REVIEW,PREDICTOR_ELIGIBILITY_UNRESOLVED,Classification only; final feature inclusion is outside this QC pass.
Test_T_Raw,UNKNOWN_REVIEW,REVIEW,PREDICTOR_ELIGIBILITY_UNRESOLVED,Classification only; final feature inclusion is outside this QC pass.
Composition_Status,UNKNOWN_REVIEW,REVIEW,PREDICTOR_ELIGIBILITY_UNRESOLVED,Classification only; final feature inclusion is outside this QC pass.
Surface_Preparation,UNKNOWN_REVIEW,REVIEW,PREDICTOR_ELIGIBILITY_UNRESOLVED,Classification only; final feature inclusion is outside this QC pass.
Specimen_Cutting,UNKNOWN_REVIEW,REVIEW,PREDICTOR_ELIGIBILITY_UNRESOLVED,Classification only; final feature inclusion is outside this QC pass.
SXRD_Mode,UNKNOWN_REVIEW,REVIEW,PREDICTOR_ELIGIBILITY_UNRESOLVED,Classification only; final feature inclusion is outside this QC pass.
Beam_Energy_keV,UNKNOWN_REVIEW,REVIEW,PREDICTOR_ELIGIBILITY_UNRESOLVED,Classification only; final feature inclusion is outside this QC pass.
Exposure_s,UNKNOWN_REVIEW,REVIEW,PREDICTOR_ELIGIBILITY_UNRESOLVED,Classification only; final feature inclusion is outside this QC pass.
Images_per_loading_step,UNKNOWN_REVIEW,REVIEW,PREDICTOR_ELIGIBILITY_UNRESOLVED,Classification only; final feature inclusion is outside this QC pass.
Beam_Size_um,UNKNOWN_REVIEW,REVIEW,PREDICTOR_ELIGIBILITY_UNRESOLVED,Classification only; final feature inclusion is outside this QC pass.
Initial_MnO_fraction,UNKNOWN_REVIEW,REVIEW,PREDICTOR_ELIGIBILITY_UNRESOLVED,Classification only; final feature inclusion is outside this QC pass.
Grain_Size_Scope,UNKNOWN_REVIEW,REVIEW,PREDICTOR_ELIGIBILITY_UNRESOLVED,Classification only; final feature inclusion is outside this QC pass.
HCP_Morphology,UNKNOWN_REVIEW,REVIEW,PREDICTOR_ELIGIBILITY_UNRESOLVED,Classification only; final feature inclusion is outside this QC pass.
EBSD_Phase_Fraction_Use_Status,UNKNOWN_REVIEW,REVIEW,PREDICTOR_ELIGIBILITY_UNRESOLVED,Classification only; final feature inclusion is outside this QC pass.
Initial_HCP_Status,UNKNOWN_REVIEW,REVIEW,PREDICTOR_ELIGIBILITY_UNRESOLVED,Classification only; final feature inclusion is outside this QC pass.
Initial_HCP_Origin,UNKNOWN_REVIEW,REVIEW,PREDICTOR_ELIGIBILITY_UNRESOLVED,Classification only; final feature inclusion is outside this QC pass.
Initial_FCC_lattice_a_A,UNKNOWN_REVIEW,REVIEW,PREDICTOR_ELIGIBILITY_UNRESOLVED,Classification only; final feature inclusion is outside this QC pass.
Initial_HCP_c_over_a,UNKNOWN_REVIEW,REVIEW,PREDICTOR_ELIGIBILITY_UNRESOLVED,Classification only; final feature inclusion is outside this QC pass.
Initial_HCP_c_over_a_uncertainty,UNKNOWN_REVIEW,REVIEW,PREDICTOR_ELIGIBILITY_UNRESOLVED,Classification only; final feature inclusion is outside this QC pass.
Approx_Stress_MPa,UNKNOWN_REVIEW,REVIEW,PREDICTOR_ELIGIBILITY_UNRESOLVED,Classification only; final feature inclusion is outside this QC pass.
HCP_fraction_status,UNKNOWN_REVIEW,REVIEW,PREDICTOR_ELIGIBILITY_UNRESOLVED,Classification only; final feature inclusion is outside this QC pass.
Nearest_SXRD_TRIP_Onset_Stress_MPa,UNKNOWN_REVIEW,REVIEW,PREDICTOR_ELIGIBILITY_UNRESOLVED,Classification only; final feature inclusion is outside this QC pass.
Tensile_TWIP_Onset_Stress_MPa,UNKNOWN_REVIEW,REVIEW,PREDICTOR_ELIGIBILITY_UNRESOLVED,Classification only; final feature inclusion is outside this QC pass.
Compression_Twinning_Onset_Stress_MPa,UNKNOWN_REVIEW,REVIEW,PREDICTOR_ELIGIBILITY_UNRESOLVED,Classification only; final feature inclusion is outside this QC pass.
Final_InSitu_True_Stress_Approx_MPa,UNKNOWN_REVIEW,REVIEW,PREDICTOR_ELIGIBILITY_UNRESOLVED,Classification only; final feature inclusion is outside this QC pass.
Final_InSitu_Engineering_Strain_Approx_pct,UNKNOWN_REVIEW,REVIEW,PREDICTOR_ELIGIBILITY_UNRESOLVED,Classification only; final feature inclusion is outside this QC pass.
Mechanism_Phase_Scope,UNKNOWN_REVIEW,REVIEW,PREDICTOR_ELIGIBILITY_UNRESOLVED,Classification only; final feature inclusion is outside this QC pass.
P013_Recovery_Provenance_JSON,UNKNOWN_REVIEW,REVIEW,PREDICTOR_ELIGIBILITY_UNRESOLVED,Classification only; final feature inclusion is outside this QC pass.
P014_Record_Role,UNKNOWN_REVIEW,REVIEW,PREDICTOR_ELIGIBILITY_UNRESOLVED,Classification only; final feature inclusion is outside this QC pass.
P014_Target_Status,UNKNOWN_REVIEW,REVIEW,PREDICTOR_ELIGIBILITY_UNRESOLVED,Classification only; final feature inclusion is outside this QC pass.
P014_Legacy_Mapping_Status,UNKNOWN_REVIEW,REVIEW,PREDICTOR_ELIGIBILITY_UNRESOLVED,Classification only; final feature inclusion is outside this QC pass.
Cold_Roll_Reduction_Status,UNKNOWN_REVIEW,REVIEW,PREDICTOR_ELIGIBILITY_UNRESOLVED,Classification only; final feature inclusion is outside this QC pass.
Cold_Roll_Pass_Reduction_mm,UNKNOWN_REVIEW,REVIEW,PREDICTOR_ELIGIBILITY_UNRESOLVED,Classification only; final feature inclusion is outside this QC pass.
Remelting_n,UNKNOWN_REVIEW,REVIEW,PREDICTOR_ELIGIBILITY_UNRESOLVED,Classification only; final feature inclusion is outside this QC pass.
Test_T_Status,UNKNOWN_REVIEW,REVIEW,PREDICTOR_ELIGIBILITY_UNRESOLVED,Classification only; final feature inclusion is outside this QC pass.
KAM_Status,UNKNOWN_REVIEW,REVIEW,PREDICTOR_ELIGIBILITY_UNRESOLVED,Classification only; final feature inclusion is outside this QC pass.
Recrystallized_fraction,UNKNOWN_REVIEW,REVIEW,PREDICTOR_ELIGIBILITY_UNRESOLVED,Classification only; final feature inclusion is outside this QC pass.
Recrystallized_Status,UNKNOWN_REVIEW,REVIEW,PREDICTOR_ELIGIBILITY_UNRESOLVED,Classification only; final feature inclusion is outside this QC pass.
Processing_TRIP,UNKNOWN_REVIEW,REVIEW,PREDICTOR_ELIGIBILITY_UNRESOLVED,Classification only; final feature inclusion is outside this QC pass.
Processing_TWIP,UNKNOWN_REVIEW,REVIEW,PREDICTOR_ELIGIBILITY_UNRESOLVED,Classification only; final feature inclusion is outside this QC pass.
Initial_Twin_Origin,UNKNOWN_REVIEW,REVIEW,PREDICTOR_ELIGIBILITY_UNRESOLVED,Classification only; final feature inclusion is outside this QC pass.
Initial_Twin_Target_Safety,UNKNOWN_REVIEW,REVIEW,PREDICTOR_ELIGIBILITY_UNRESOLVED,Classification only; final feature inclusion is outside this QC pass.
Tensile_Strain_pct,UNKNOWN_REVIEW,REVIEW,PREDICTOR_ELIGIBILITY_UNRESOLVED,Classification only; final feature inclusion is outside this QC pass.
FCC_fraction_at_stage,UNKNOWN_REVIEW,REVIEW,PREDICTOR_ELIGIBILITY_UNRESOLVED,Classification only; final feature inclusion is outside this QC pass.
TWIP_at_stage,UNKNOWN_REVIEW,REVIEW,PREDICTOR_ELIGIBILITY_UNRESOLVED,Classification only; final feature inclusion is outside this QC pass.
TRIP_at_stage,UNKNOWN_REVIEW,REVIEW,PREDICTOR_ELIGIBILITY_UNRESOLVED,Classification only; final feature inclusion is outside this QC pass.
Slip_at_stage,UNKNOWN_REVIEW,REVIEW,PREDICTOR_ELIGIBILITY_UNRESOLVED,Classification only; final feature inclusion is outside this QC pass.
HDI_at_stage,UNKNOWN_REVIEW,REVIEW,PREDICTOR_ELIGIBILITY_UNRESOLVED,Classification only; final feature inclusion is outside this QC pass.
HDI_Hardening,MODEL_DERIVED_FROM_LOADING,HIGH,PREDICTOR_ELIGIBILITY_UNRESOLVED,Classification only; final feature inclusion is outside this QC pass.
P014_Recovery_Provenance_JSON,UNKNOWN_REVIEW,REVIEW,PREDICTOR_ELIGIBILITY_UNRESOLVED,Classification only; final feature inclusion is outside this QC pass.
P015_Record_Role,UNKNOWN_REVIEW,REVIEW,PREDICTOR_ELIGIBILITY_UNRESOLVED,Classification only; final feature inclusion is outside this QC pass.
P015_Target_Status,UNKNOWN_REVIEW,REVIEW,PREDICTOR_ELIGIBILITY_UNRESOLVED,Classification only; final feature inclusion is outside this QC pass.
P015_Legacy_Mapping_Status,UNKNOWN_REVIEW,REVIEW,PREDICTOR_ELIGIBILITY_UNRESOLVED,Classification only; final feature inclusion is outside this QC pass.
Mn_Charge_Adjustment,UNKNOWN_REVIEW,REVIEW,PREDICTOR_ELIGIBILITY_UNRESOLVED,Classification only; final feature inclusion is outside this QC pass.
Raw_Material_Purity,UNKNOWN_REVIEW,REVIEW,PREDICTOR_ELIGIBILITY_UNRESOLVED,Classification only; final feature inclusion is outside this QC pass.
Grain_Size_Status,UNKNOWN_REVIEW,REVIEW,PREDICTOR_ELIGIBILITY_UNRESOLVED,Classification only; final feature inclusion is outside this QC pass.
Texture_Orientation_Status,UNKNOWN_REVIEW,REVIEW,PREDICTOR_ELIGIBILITY_UNRESOLVED,Classification only; final feature inclusion is outside this QC pass.
Elemental_Segregation_Status,UNKNOWN_REVIEW,REVIEW,PREDICTOR_ELIGIBILITY_UNRESOLVED,Classification only; final feature inclusion is outside this QC pass.
Engineering_YS_MPa,POST_TEST_MECHANICAL_OUTCOME,HIGH,PREDICTOR_ELIGIBILITY_UNRESOLVED,Classification only; final feature inclusion is outside this QC pass.
Engineering_UTS_MPa,POST_TEST_MECHANICAL_OUTCOME,HIGH,PREDICTOR_ELIGIBILITY_UNRESOLVED,Classification only; final feature inclusion is outside this QC pass.
Engineering_Elongation_pct,UNKNOWN_REVIEW,REVIEW,PREDICTOR_ELIGIBILITY_UNRESOLVED,Classification only; final feature inclusion is outside this QC pass.
True_Yield_Stress_MPa,POST_TEST_MECHANICAL_OUTCOME,HIGH,PREDICTOR_ELIGIBILITY_UNRESOLVED,Classification only; final feature inclusion is outside this QC pass.
True_UTS_MPa,POST_TEST_MECHANICAL_OUTCOME,HIGH,PREDICTOR_ELIGIBILITY_UNRESOLVED,Classification only; final feature inclusion is outside this QC pass.
HC,UNKNOWN_REVIEW,REVIEW,PREDICTOR_ELIGIBILITY_UNRESOLVED,Classification only; final feature inclusion is outside this QC pass.
True_Property_Status,UNKNOWN_REVIEW,REVIEW,PREDICTOR_ELIGIBILITY_UNRESOLVED,Classification only; final feature inclusion is outside this QC pass.
Postfracture_Phase_State,UNKNOWN_REVIEW,REVIEW,PREDICTOR_ELIGIBILITY_UNRESOLVED,Classification only; final feature inclusion is outside this QC pass.
Postfracture_HCP_fraction,POST_TEST_MECHANISM_EVIDENCE,HIGH,PREDICTOR_ELIGIBILITY_UNRESOLVED,Classification only; final feature inclusion is outside this QC pass.
Postfracture_HCP_fraction_Status,UNKNOWN_REVIEW,REVIEW,PREDICTOR_ELIGIBILITY_UNRESOLVED,Classification only; final feature inclusion is outside this QC pass.
Fracture_Mode,POST_TEST_MECHANICAL_OUTCOME,HIGH,PREDICTOR_ELIGIBILITY_UNRESOLVED,Classification only; final feature inclusion is outside this QC pass.
Negative_Evidence_Quality,UNKNOWN_REVIEW,REVIEW,PREDICTOR_ELIGIBILITY_UNRESOLVED,Classification only; final feature inclusion is outside this QC pass.
SFE_Value_Status,UNKNOWN_REVIEW,REVIEW,PREDICTOR_ELIGIBILITY_UNRESOLVED,Classification only; final feature inclusion is outside this QC pass.
SFE_Data_Origin,UNKNOWN_REVIEW,REVIEW,PREDICTOR_ELIGIBILITY_UNRESOLVED,Classification only; final feature inclusion is outside this QC pass.
Critical_Stress_Model_Validity,UNKNOWN_REVIEW,REVIEW,PREDICTOR_ELIGIBILITY_UNRESOLVED,Classification only; final feature inclusion is outside this QC pass.
P015_Recovery_Provenance_JSON,UNKNOWN_REVIEW,REVIEW,PREDICTOR_ELIGIBILITY_UNRESOLVED,Classification only; final feature inclusion is outside this QC pass.
Computational_Condition_ID,UNKNOWN_REVIEW,REVIEW,PREDICTOR_ELIGIBILITY_UNRESOLVED,Classification only; final feature inclusion is outside this QC pass.
Independent_Computational_Condition,UNKNOWN_REVIEW,REVIEW,PREDICTOR_ELIGIBILITY_UNRESOLVED,Classification only; final feature inclusion is outside this QC pass.
Independent_Experimental_ML_sample,UNKNOWN_REVIEW,REVIEW,PREDICTOR_ELIGIBILITY_UNRESOLVED,Classification only; final feature inclusion is outside this QC pass.
Experimental_Target_Eligibility,UNKNOWN_REVIEW,REVIEW,PREDICTOR_ELIGIBILITY_UNRESOLVED,Classification only; final feature inclusion is outside this QC pass.
Paper_Native_TRIP,COMPUTATIONAL_ONLY,DOMAIN,PREDICTOR_ELIGIBILITY_UNRESOLVED,Classification only; final feature inclusion is outside this QC pass.
Paper_Native_TWIP,COMPUTATIONAL_ONLY,DOMAIN,PREDICTOR_ELIGIBILITY_UNRESOLVED,Classification only; final feature inclusion is outside this QC pass.
TWIP_induced_TRIP_Status,UNKNOWN_REVIEW,REVIEW,PREDICTOR_ELIGIBILITY_UNRESOLVED,Classification only; final feature inclusion is outside this QC pass.
TWIP_induced_TRIP_Timing,UNKNOWN_REVIEW,REVIEW,PREDICTOR_ELIGIBILITY_UNRESOLVED,Classification only; final feature inclusion is outside this QC pass.
TRIP_induced_TWIP_Status,UNKNOWN_REVIEW,REVIEW,PREDICTOR_ELIGIBILITY_UNRESOLVED,Classification only; final feature inclusion is outside this QC pass.
TRIP_induced_TWIP_Timing,UNKNOWN_REVIEW,REVIEW,PREDICTOR_ELIGIBILITY_UNRESOLVED,Classification only; final feature inclusion is outside this QC pass.
SIS_PSR_GPa,COMPUTATIONAL_ONLY,DOMAIN,PREDICTOR_ELIGIBILITY_UNRESOLVED,Classification only; final feature inclusion is outside this QC pass.
UTS_PSR_GPa,COMPUTATIONAL_ONLY,DOMAIN,PREDICTOR_ELIGIBILITY_UNRESOLVED,Classification only; final feature inclusion is outside this QC pass.
UTS_PSR_Status,UNKNOWN_REVIEW,REVIEW,PREDICTOR_ELIGIBILITY_UNRESOLVED,Classification only; final feature inclusion is outside this QC pass.
Initial_BCC_fraction_raw,UNKNOWN_REVIEW,REVIEW,PREDICTOR_ELIGIBILITY_UNRESOLVED,Classification only; final feature inclusion is outside this QC pass.
Initial_BCC_fraction_status,UNKNOWN_REVIEW,REVIEW,PREDICTOR_ELIGIBILITY_UNRESOLVED,Classification only; final feature inclusion is outside this QC pass.
PostQuench_Initial_Structure,UNKNOWN_REVIEW,REVIEW,PREDICTOR_ELIGIBILITY_UNRESOLVED,Classification only; final feature inclusion is outside this QC pass.
P017_Record_Role,UNKNOWN_REVIEW,REVIEW,PREDICTOR_ELIGIBILITY_UNRESOLVED,Classification only; final feature inclusion is outside this QC pass.
P017_Legacy_Mapping_Status,UNKNOWN_REVIEW,REVIEW,PREDICTOR_ELIGIBILITY_UNRESOLVED,Classification only; final feature inclusion is outside this QC pass.
P017_Recovery_Provenance_JSON,UNKNOWN_REVIEW,REVIEW,PREDICTOR_ELIGIBILITY_UNRESOLVED,Classification only; final feature inclusion is outside this QC pass.
QC_Row_Role,UNKNOWN_REVIEW,REVIEW,PREDICTOR_ELIGIBILITY_UNRESOLVED,Classification only; final feature inclusion is outside this QC pass.
QC_Experimental_Eligibility,UNKNOWN_REVIEW,REVIEW,PREDICTOR_ELIGIBILITY_UNRESOLVED,Classification only; final feature inclusion is outside this QC pass.
QC_Computational_Eligibility,UNKNOWN_REVIEW,REVIEW,PREDICTOR_ELIGIBILITY_UNRESOLVED,Classification only; final feature inclusion is outside this QC pass.
QC_Target_Eligibility,UNKNOWN_REVIEW,REVIEW,PREDICTOR_ELIGIBILITY_UNRESOLVED,Classification only; final feature inclusion is outside this QC pass.
QC_Duplicate_Status,UNKNOWN_REVIEW,REVIEW,PREDICTOR_ELIGIBILITY_UNRESOLVED,Classification only; final feature inclusion is outside this QC pass.
QC_Leakage_Risk,UNKNOWN_REVIEW,REVIEW,PREDICTOR_ELIGIBILITY_UNRESOLVED,Classification only; final feature inclusion is outside this QC pass.
QC_Leakage_Category,UNKNOWN_REVIEW,REVIEW,PREDICTOR_ELIGIBILITY_UNRESOLVED,Classification only; final feature inclusion is outside this QC pass.
QC_Source_Completeness,UNKNOWN_REVIEW,REVIEW,PREDICTOR_ELIGIBILITY_UNRESOLVED,Classification only; final feature inclusion is outside this QC pass.
QC_Review_Status,UNKNOWN_REVIEW,REVIEW,PREDICTOR_ELIGIBILITY_UNRESOLVED,Classification only; final feature inclusion is outside this QC pass.
