Paper_ID,DOI,Source_Availability,Recovery_Status,Data_Domain,Independent_Experimental_Conditions,Independent_Computational_Conditions,Experimental_Stage_Children,Computational_Stage_Children,Usable_TRIP,Usable_TWIP,Usable_Joint,Legacy_Rows,Exact_Replacement_Rows,Remaining_Identity_Issues,Remaining_Scientific_Gaps
P001,10.1016/j.actamat.2023.119389,SOURCE_RECOVERY_OR_REPOSITORY_EVIDENCE_AVAILABLE,RECOVERY_STATUS_VARIES_BY_PAPER,EXPERIMENTAL,3,0,5,0,3,3,3,0,3,SEE_GLOBAL_QC_ISSUES,SEE_FEATURE_COVERAGE
P002,10.1016/j.msea.2020.140441,SOURCE_RECOVERY_OR_REPOSITORY_EVIDENCE_AVAILABLE,RECOVERY_STATUS_VARIES_BY_PAPER,CALPHAD;EXPERIMENTAL,3,0,0,0,3,3,3,1,3,SEE_GLOBAL_QC_ISSUES,SEE_FEATURE_COVERAGE
P003,10.1016/j.msea.2020.138982,SOURCE_RECOVERY_OR_REPOSITORY_EVIDENCE_AVAILABLE,RECOVERY_STATUS_VARIES_BY_PAPER,EXPERIMENTAL,7,0,0,0,3,3,3,0,7,SEE_GLOBAL_QC_ISSUES,P003_MC02;P003_MC03;P003_MC05;P003_MC06
P004,10.1016/j.msea.2026.150025,SOURCE_RECOVERY_OR_REPOSITORY_EVIDENCE_AVAILABLE,RECOVERY_STATUS_VARIES_BY_PAPER,EXPERIMENTAL,0,0,6,0,0,0,0,0,0,SEE_GLOBAL_QC_ISSUES,SEE_FEATURE_COVERAGE
P005,10.1016/j.actamat.2022.118049,SOURCE_RECOVERY_OR_REPOSITORY_EVIDENCE_AVAILABLE,RECOVERY_STATUS_VARIES_BY_PAPER,EXPERIMENTAL,0,0,3,0,0,0,0,0,0,SEE_GLOBAL_QC_ISSUES,SEE_FEATURE_COVERAGE
P006,10.1016/j.scriptamat.2019.02.018,SOURCE_RECOVERY_OR_REPOSITORY_EVIDENCE_AVAILABLE,RECOVERY_STATUS_VARIES_BY_PAPER,HYBRID,0,0,0,0,0,0,0,0,0,SEE_GLOBAL_QC_ISSUES,SEE_FEATURE_COVERAGE
P007,10.1016/j.actamat.2022.117974,SOURCE_RECOVERY_OR_REPOSITORY_EVIDENCE_AVAILABLE,RECOVERY_STATUS_VARIES_BY_PAPER,EXPERIMENTAL,5,0,5,0,4,4,4,0,5,SEE_GLOBAL_QC_ISSUES,P007_MC_A600_5h
P008,10.1016/j.ijplas.2021.102965,SOURCE_RECOVERY_OR_REPOSITORY_EVIDENCE_AVAILABLE,RECOVERY_STATUS_VARIES_BY_PAPER,EXPERIMENTAL,6,0,0,0,4,3,3,0,6,SEE_GLOBAL_QC_ISSUES,P008_MC_N0_HOMO;P008_MC_N0_FC;P008_MC_N2p6_HOMO
P009,10.1126/sciadv.abo7333,SOURCE_RECOVERY_OR_REPOSITORY_EVIDENCE_AVAILABLE,RECOVERY_STATUS_VARIES_BY_PAPER,HYBRID,0,0,0,0,0,0,0,0,0,SEE_GLOBAL_QC_ISSUES,SEE_FEATURE_COVERAGE
P010,10.1103/PhysRevMaterials.4.033601,SOURCE_RECOVERY_OR_REPOSITORY_EVIDENCE_AVAILABLE,RECOVERY_STATUS_VARIES_BY_PAPER,EXPERIMENTAL;HYBRID,3,0,6,0,3,3,3,0,3,SEE_GLOBAL_QC_ISSUES,SEE_FEATURE_COVERAGE
P011,10.1016/j.jallcom.2023.170225,SOURCE_RECOVERY_OR_REPOSITORY_EVIDENCE_AVAILABLE,RECOVERY_STATUS_VARIES_BY_PAPER,EXPERIMENTAL,4,0,6,0,2,2,2,5,4,SEE_GLOBAL_QC_ISSUES,P011_MC_A9_298K;P011_MC_A11_298K
P012,10.1016/j.jallcom.2022.165108,SOURCE_RECOVERY_OR_REPOSITORY_EVIDENCE_AVAILABLE,RECOVERY_STATUS_VARIES_BY_PAPER,EXPERIMENTAL;HYBRID,6,0,20,0,3,4,1,6,6,SEE_GLOBAL_QC_ISSUES,P012_MC_BASE_RT;P012_MC_MO_RT;P012_MC_C_RT;P012_MC_BASE_77K;P012_MC_MO_77K
P013,10.1016/j.ijplas.2024.104048,SOURCE_RECOVERY_OR_REPOSITORY_EVIDENCE_AVAILABLE,RECOVERY_STATUS_VARIES_BY_PAPER,EXPERIMENTAL,1,0,10,0,1,1,1,0,1,SEE_GLOBAL_QC_ISSUES,SEE_FEATURE_COVERAGE
P014,10.3390/ma17235893,SOURCE_RECOVERY_OR_REPOSITORY_EVIDENCE_AVAILABLE,RECOVERY_STATUS_VARIES_BY_PAPER,EXPERIMENTAL,5,0,4,0,1,1,1,5,5,SEE_GLOBAL_QC_ISSUES,P014_MC_ASCAST;P014_MC_CR;P014_MC_A650;P014_MC_A700
P015,10.1016/j.jallcom.2026.188919,SOURCE_RECOVERY_OR_REPOSITORY_EVIDENCE_AVAILABLE,RECOVERY_STATUS_VARIES_BY_PAPER,EXPERIMENTAL;HYBRID,2,0,0,0,2,2,2,2,2,SEE_GLOBAL_QC_ISSUES,SEE_FEATURE_COVERAGE
P016,10.1016/j.actamat.2018.10.017,SOURCE_RECOVERY_OR_REPOSITORY_EVIDENCE_AVAILABLE,RECOVERY_STATUS_VARIES_BY_PAPER,EXPERIMENTAL,6,0,6,0,3,1,1,1,6,SEE_GLOBAL_QC_ISSUES,P016_MC_400C_3min;P016_MC_400C_10min;P016_MC_650C_3min;P016_MC_650C_10min;P016_MC_750C_10min
P017,10.1016/j.ijplas.2019.102649,SOURCE_RECOVERY_OR_REPOSITORY_EVIDENCE_AVAILABLE,VERIFIED_COMPUTATIONAL_RECOVERY_V11,COMPUTATIONAL_MD;MD,0,12,0,0,0,0,0,8,12,SEE_GLOBAL_QC_ISSUES,SEE_FEATURE_COVERAGE
P018,10.1016/j.ijmecsci.2022.107098,SOURCE_UNAVAILABLE_PENDING_REVIEW,PENDING_SOURCE_RECOVERY,MD,0,0,0,0,0,0,0,12,0,SOURCE_IDENTITY_UNVERIFIED,SOURCE_UNAVAILABLE
P019,10.1016/j.jallcom.2025.179770,SOURCE_UNAVAILABLE_PENDING_REVIEW,PENDING_SOURCE_RECOVERY,OTHER_COMPUTATIONAL,0,0,0,0,0,0,0,3,0,SOURCE_IDENTITY_UNVERIFIED,SOURCE_UNAVAILABLE
