Paper_ID,DOI,ML_Condition_ID,Observation_ID,Feature_Name,Recovered_Value,Units,Evidence_Type,Evidence_Location,Confidence,Recovery_Status
P011,10.1016/j.jallcom.2023.170225,P011_MC_A9_298K,P011_OBS_A9_298K_condition,Test_T_K,298,K,VERIFIED_WORKBOOK,Fig.5; Sec.4.1 p.8,High,VERIFIED
P011,10.1016/j.jallcom.2023.170225,P011_MC_A9_298K,P011_OBS_A9_298K_condition,Strain_rate_s-1,0.001,s^-1,VERIFIED_WORKBOOK,Fig.5; Sec.4.1 p.8,High,VERIFIED
P011,10.1016/j.jallcom.2023.170225,P011_MC_A9_298K,P011_OBS_A9_298K_condition,Initial_FCC_fraction,0.987,fraction,VERIFIED_WORKBOOK,Fig.5; Sec.4.1 p.8,High,VERIFIED
P011,10.1016/j.jallcom.2023.170225,P011_MC_A9_298K,P011_OBS_A9_298K_condition,Initial_HCP_fraction,0.013,fraction,VERIFIED_WORKBOOK,Fig.5; Sec.4.1 p.8,High,VERIFIED
P011,10.1016/j.jallcom.2023.170225,P011_MC_A9_298K,P011_OBS_A9_298K_condition,Grain_size_um,4.85,um,VERIFIED_WORKBOOK,Fig.5; Sec.4.1 p.8,High,VERIFIED
P011,10.1016/j.jallcom.2023.170225,P011_MC_A9_298K,P011_OBS_A9_298K_condition,Effective_Grain_Size_Including_TB_PhaseBoundary_um,3.58,um,VERIFIED_WORKBOOK,Fig.5; Sec.4.1 p.8,High,VERIFIED
P011,10.1016/j.jallcom.2023.170225,P011_MC_A9_298K,P011_OBS_A9_298K_condition,Relative_Density_pct,95.6,%,VERIFIED_WORKBOOK,Fig.5; Sec.4.1 p.8,High,VERIFIED
P011,10.1016/j.jallcom.2023.170225,P011_MC_A9_298K,P011_OBS_A9_298K_condition,YS_MPa,300.5,MPa,VERIFIED_WORKBOOK,Fig.5; Sec.4.1 p.8,High,VERIFIED
P011,10.1016/j.jallcom.2023.170225,P011_MC_A9_298K,P011_OBS_A9_298K_condition,Initial_Sigma3_TB_fraction,0.212,fraction,VERIFIED_WORKBOOK,Fig.5; Sec.4.1 p.8,High,VERIFIED
P011,10.1016/j.jallcom.2023.170225,P011_MC_A9_298K,P011_OBS_A9_298K_condition,Initial_Twin_Type,ANNEALING_TWIN,categorical,VERIFIED_WORKBOOK,Fig.5; Sec.4.1 p.8,High,VERIFIED
P011,10.1016/j.jallcom.2023.170225,P011_MC_A9_298K,P011_OBS_A9_298K_condition,Mn_Oxide_Area_Fraction,0.0269,fraction,VERIFIED_WORKBOOK,Fig.5; Sec.4.1 p.8,High,VERIFIED
P011,10.1016/j.jallcom.2023.170225,P011_MC_A9_298K,P011_OBS_A9_298K_condition,Feedstock_Composition_at_pct,Fe49.2Mn31.4Co9.4Cr10.0,at.%,VERIFIED_WORKBOOK,Fig.5; Sec.4.1 p.8,High,VERIFIED
P011,10.1016/j.jallcom.2023.170225,P011_MC_A9_298K,P011_OBS_A9_298K_condition,FCC_lattice_a_XRD_A,3.6002,A,VERIFIED_WORKBOOK,Fig.5; Sec.4.1 p.8,High,VERIFIED
P011,10.1016/j.jallcom.2023.170225,P011_MC_A9_298K,P011_OBS_A9_298K_condition,HCP_lattice_a_XRD_A,2.5469,A,VERIFIED_WORKBOOK,Fig.5; Sec.4.1 p.8,High,VERIFIED
P011,10.1016/j.jallcom.2023.170225,P011_MC_A9_298K,P011_OBS_A9_298K_condition,HCP_lattice_c_XRD_A,4.0982,A,VERIFIED_WORKBOOK,Fig.5; Sec.4.1 p.8,High,VERIFIED
P011,10.1016/j.jallcom.2023.170225,P011_MC_A10_298K,P011_OBS_A10_298K_condition,Test_T_K,298,K,VERIFIED_WORKBOOK,"pp.5-7,10-11; Figs.5-9",High,VERIFIED
P011,10.1016/j.jallcom.2023.170225,P011_MC_A10_298K,P011_OBS_A10_298K_condition,Strain_rate_s-1,0.001,s^-1,VERIFIED_WORKBOOK,"pp.5-7,10-11; Figs.5-9",High,VERIFIED
P011,10.1016/j.jallcom.2023.170225,P011_MC_A10_298K,P011_OBS_A10_298K_condition,Initial_FCC_fraction,0.961,fraction,VERIFIED_WORKBOOK,"pp.5-7,10-11; Figs.5-9",High,VERIFIED
P011,10.1016/j.jallcom.2023.170225,P011_MC_A10_298K,P011_OBS_A10_298K_condition,Initial_HCP_fraction,0.047,fraction,VERIFIED_WORKBOOK,"pp.5-7,10-11; Figs.5-9",High,VERIFIED
P011,10.1016/j.jallcom.2023.170225,P011_MC_A10_298K,P011_OBS_A10_298K_condition,Grain_size_um,6.91,um,VERIFIED_WORKBOOK,"pp.5-7,10-11; Figs.5-9",High,VERIFIED
P011,10.1016/j.jallcom.2023.170225,P011_MC_A10_298K,P011_OBS_A10_298K_condition,Effective_Grain_Size_Including_TB_PhaseBoundary_um,4.1,um,VERIFIED_WORKBOOK,"pp.5-7,10-11; Figs.5-9",High,VERIFIED
P011,10.1016/j.jallcom.2023.170225,P011_MC_A10_298K,P011_OBS_A10_298K_condition,Relative_Density_pct,98.1,%,VERIFIED_WORKBOOK,"pp.5-7,10-11; Figs.5-9",High,VERIFIED
P011,10.1016/j.jallcom.2023.170225,P011_MC_A10_298K,P011_OBS_A10_298K_condition,YS_MPa,287.1,MPa,VERIFIED_WORKBOOK,"pp.5-7,10-11; Figs.5-9",High,VERIFIED
P011,10.1016/j.jallcom.2023.170225,P011_MC_A10_298K,P011_OBS_A10_298K_condition,UTS_MPa,745.7,MPa,VERIFIED_WORKBOOK,"pp.5-7,10-11; Figs.5-9",High,VERIFIED
P011,10.1016/j.jallcom.2023.170225,P011_MC_A10_298K,P011_OBS_A10_298K_condition,Uniform_elongation_pct,28.1,%,VERIFIED_WORKBOOK,"pp.5-7,10-11; Figs.5-9",High,VERIFIED
P011,10.1016/j.jallcom.2023.170225,P011_MC_A10_298K,P011_OBS_A10_298K_condition,Effective_TRIP,1.0,binary,VERIFIED_WORKBOOK,"pp.5-7,10-11; Figs.5-9",High,VERIFIED
P011,10.1016/j.jallcom.2023.170225,P011_MC_A10_298K,P011_OBS_A10_298K_condition,Effective_TWIP,1.0,binary,VERIFIED_WORKBOOK,"pp.5-7,10-11; Figs.5-9",High,VERIFIED
P011,10.1016/j.jallcom.2023.170225,P011_MC_A10_298K,P011_OBS_A10_298K_condition,Slip,1.0,binary,VERIFIED_WORKBOOK,"pp.5-7,10-11; Figs.5-9",High,VERIFIED
P011,10.1016/j.jallcom.2023.170225,P011_MC_A10_298K,P011_OBS_A10_298K_condition,Detwinning,1.0,binary,VERIFIED_WORKBOOK,"pp.5-7,10-11; Figs.5-9",High,VERIFIED
P011,10.1016/j.jallcom.2023.170225,P011_MC_A10_298K,P011_OBS_A10_298K_condition,Initial_Sigma3_TB_fraction,0.215,fraction,VERIFIED_WORKBOOK,"pp.5-7,10-11; Figs.5-9",High,VERIFIED
P011,10.1016/j.jallcom.2023.170225,P011_MC_A10_298K,P011_OBS_A10_298K_condition,Initial_Twin_Type,ANNEALING_TWIN,categorical,VERIFIED_WORKBOOK,"pp.5-7,10-11; Figs.5-9",High,VERIFIED
P011,10.1016/j.jallcom.2023.170225,P011_MC_A10_298K,P011_OBS_A10_298K_condition,Mn_Oxide_Area_Fraction,0.0368,fraction,VERIFIED_WORKBOOK,"pp.5-7,10-11; Figs.5-9",High,VERIFIED
P011,10.1016/j.jallcom.2023.170225,P011_MC_A10_298K,P011_OBS_A10_298K_condition,Feedstock_Composition_at_pct,Fe49.2Mn31.4Co9.4Cr10.0,at.%,VERIFIED_WORKBOOK,"pp.5-7,10-11; Figs.5-9",High,VERIFIED
P011,10.1016/j.jallcom.2023.170225,P011_MC_A10_298K,P011_OBS_A10_298K_condition,Local_EDS_Composition_at_pct,Fe49.5Mn29.6Co10.5Cr10.4,at.%,VERIFIED_WORKBOOK,"pp.5-7,10-11; Figs.5-9",High,VERIFIED
P011,10.1016/j.jallcom.2023.170225,P011_MC_A10_298K,P011_OBS_A10_298K_condition,FCC_lattice_a_XRD_A,3.5981,A,VERIFIED_WORKBOOK,"pp.5-7,10-11; Figs.5-9",High,VERIFIED
P011,10.1016/j.jallcom.2023.170225,P011_MC_A10_298K,P011_OBS_A10_298K_condition,HCP_lattice_a_XRD_A,2.5416,A,VERIFIED_WORKBOOK,"pp.5-7,10-11; Figs.5-9",High,VERIFIED
P011,10.1016/j.jallcom.2023.170225,P011_MC_A10_298K,P011_OBS_A10_298K_condition,HCP_lattice_c_XRD_A,4.0979,A,VERIFIED_WORKBOOK,"pp.5-7,10-11; Figs.5-9",High,VERIFIED
P011,10.1016/j.jallcom.2023.170225,P011_MC_A11_298K,P011_OBS_A11_298K_condition,Test_T_K,298,K,VERIFIED_WORKBOOK,p.5 Fig.5 and text,High,VERIFIED
P011,10.1016/j.jallcom.2023.170225,P011_MC_A11_298K,P011_OBS_A11_298K_condition,Strain_rate_s-1,0.001,s^-1,VERIFIED_WORKBOOK,p.5 Fig.5 and text,High,VERIFIED
P011,10.1016/j.jallcom.2023.170225,P011_MC_A11_298K,P011_OBS_A11_298K_condition,Initial_FCC_fraction,0.871,fraction,VERIFIED_WORKBOOK,p.5 Fig.5 and text,High,VERIFIED
P011,10.1016/j.jallcom.2023.170225,P011_MC_A11_298K,P011_OBS_A11_298K_condition,Initial_HCP_fraction,0.129,fraction,VERIFIED_WORKBOOK,p.5 Fig.5 and text,High,VERIFIED
P011,10.1016/j.jallcom.2023.170225,P011_MC_A11_298K,P011_OBS_A11_298K_condition,Grain_size_um,10.15,um,VERIFIED_WORKBOOK,p.5 Fig.5 and text,High,VERIFIED
P011,10.1016/j.jallcom.2023.170225,P011_MC_A11_298K,P011_OBS_A11_298K_condition,Effective_Grain_Size_Including_TB_PhaseBoundary_um,5.81,um,VERIFIED_WORKBOOK,p.5 Fig.5 and text,High,VERIFIED
P011,10.1016/j.jallcom.2023.170225,P011_MC_A11_298K,P011_OBS_A11_298K_condition,Relative_Density_pct,98.6,%,VERIFIED_WORKBOOK,p.5 Fig.5 and text,High,VERIFIED
P011,10.1016/j.jallcom.2023.170225,P011_MC_A11_298K,P011_OBS_A11_298K_condition,YS_MPa,257.3,MPa,VERIFIED_WORKBOOK,p.5 Fig.5 and text,High,VERIFIED
P011,10.1016/j.jallcom.2023.170225,P011_MC_A11_298K,P011_OBS_A11_298K_condition,UTS_MPa,708.9,MPa,VERIFIED_WORKBOOK,p.5 Fig.5 and text,High,VERIFIED
P011,10.1016/j.jallcom.2023.170225,P011_MC_A11_298K,P011_OBS_A11_298K_condition,Uniform_elongation_pct,31.0,%,VERIFIED_WORKBOOK,p.5 Fig.5 and text,High,VERIFIED
P011,10.1016/j.jallcom.2023.170225,P011_MC_A11_298K,P011_OBS_A11_298K_condition,Initial_Sigma3_TB_fraction,0.264,fraction,VERIFIED_WORKBOOK,p.5 Fig.5 and text,High,VERIFIED
P011,10.1016/j.jallcom.2023.170225,P011_MC_A11_298K,P011_OBS_A11_298K_condition,Initial_Twin_Type,ANNEALING_TWIN,categorical,VERIFIED_WORKBOOK,p.5 Fig.5 and text,High,VERIFIED
P011,10.1016/j.jallcom.2023.170225,P011_MC_A11_298K,P011_OBS_A11_298K_condition,Mn_Oxide_Area_Fraction,0.0465,fraction,VERIFIED_WORKBOOK,p.5 Fig.5 and text,High,VERIFIED
P011,10.1016/j.jallcom.2023.170225,P011_MC_A11_298K,P011_OBS_A11_298K_condition,Feedstock_Composition_at_pct,Fe49.2Mn31.4Co9.4Cr10.0,at.%,VERIFIED_WORKBOOK,p.5 Fig.5 and text,High,VERIFIED
P011,10.1016/j.jallcom.2023.170225,P011_MC_A11_298K,P011_OBS_A11_298K_condition,FCC_lattice_a_XRD_A,3.5964,A,VERIFIED_WORKBOOK,p.5 Fig.5 and text,High,VERIFIED
P011,10.1016/j.jallcom.2023.170225,P011_MC_A11_298K,P011_OBS_A11_298K_condition,HCP_lattice_a_XRD_A,2.5419,A,VERIFIED_WORKBOOK,p.5 Fig.5 and text,High,VERIFIED
P011,10.1016/j.jallcom.2023.170225,P011_MC_A11_298K,P011_OBS_A11_298K_condition,HCP_lattice_c_XRD_A,4.0999,A,VERIFIED_WORKBOOK,p.5 Fig.5 and text,High,VERIFIED
P011,10.1016/j.jallcom.2023.170225,P011_MC_A10_77K,P011_OBS_A10_77K_condition,Test_T_K,77,K,VERIFIED_WORKBOOK,"pp.6-7,10-11; Figs.6-10",High,VERIFIED
P011,10.1016/j.jallcom.2023.170225,P011_MC_A10_77K,P011_OBS_A10_77K_condition,Strain_rate_s-1,0.001,s^-1,VERIFIED_WORKBOOK,"pp.6-7,10-11; Figs.6-10",High,VERIFIED
P011,10.1016/j.jallcom.2023.170225,P011_MC_A10_77K,P011_OBS_A10_77K_condition,Initial_FCC_fraction,0.961,fraction,VERIFIED_WORKBOOK,"pp.6-7,10-11; Figs.6-10",High,VERIFIED
P011,10.1016/j.jallcom.2023.170225,P011_MC_A10_77K,P011_OBS_A10_77K_condition,Initial_HCP_fraction,0.047,fraction,VERIFIED_WORKBOOK,"pp.6-7,10-11; Figs.6-10",High,VERIFIED
P011,10.1016/j.jallcom.2023.170225,P011_MC_A10_77K,P011_OBS_A10_77K_condition,Grain_size_um,6.91,um,VERIFIED_WORKBOOK,"pp.6-7,10-11; Figs.6-10",High,VERIFIED
P011,10.1016/j.jallcom.2023.170225,P011_MC_A10_77K,P011_OBS_A10_77K_condition,Effective_Grain_Size_Including_TB_PhaseBoundary_um,4.1,um,VERIFIED_WORKBOOK,"pp.6-7,10-11; Figs.6-10",High,VERIFIED
P011,10.1016/j.jallcom.2023.170225,P011_MC_A10_77K,P011_OBS_A10_77K_condition,Relative_Density_pct,98.1,%,VERIFIED_WORKBOOK,"pp.6-7,10-11; Figs.6-10",High,VERIFIED
P011,10.1016/j.jallcom.2023.170225,P011_MC_A10_77K,P011_OBS_A10_77K_condition,YS_MPa,489.7,MPa,VERIFIED_WORKBOOK,"pp.6-7,10-11; Figs.6-10",High,VERIFIED
P011,10.1016/j.jallcom.2023.170225,P011_MC_A10_77K,P011_OBS_A10_77K_condition,UTS_MPa,1107.3,MPa,VERIFIED_WORKBOOK,"pp.6-7,10-11; Figs.6-10",High,VERIFIED
P011,10.1016/j.jallcom.2023.170225,P011_MC_A10_77K,P011_OBS_A10_77K_condition,Uniform_elongation_pct,25.5,%,VERIFIED_WORKBOOK,"pp.6-7,10-11; Figs.6-10",High,VERIFIED
P011,10.1016/j.jallcom.2023.170225,P011_MC_A10_77K,P011_OBS_A10_77K_condition,Effective_TRIP,1.0,binary,VERIFIED_WORKBOOK,"pp.6-7,10-11; Figs.6-10",High,VERIFIED
P011,10.1016/j.jallcom.2023.170225,P011_MC_A10_77K,P011_OBS_A10_77K_condition,Effective_TWIP,0.0,binary,VERIFIED_WORKBOOK,"pp.6-7,10-11; Figs.6-10",High,VERIFIED
P011,10.1016/j.jallcom.2023.170225,P011_MC_A10_77K,P011_OBS_A10_77K_condition,Slip,1.0,binary,VERIFIED_WORKBOOK,"pp.6-7,10-11; Figs.6-10",High,VERIFIED
P011,10.1016/j.jallcom.2023.170225,P011_MC_A10_77K,P011_OBS_A10_77K_condition,Detwinning,1.0,binary,VERIFIED_WORKBOOK,"pp.6-7,10-11; Figs.6-10",High,VERIFIED
P011,10.1016/j.jallcom.2023.170225,P011_MC_A10_77K,P011_OBS_A10_77K_condition,Initial_Sigma3_TB_fraction,0.215,fraction,VERIFIED_WORKBOOK,"pp.6-7,10-11; Figs.6-10",High,VERIFIED
P011,10.1016/j.jallcom.2023.170225,P011_MC_A10_77K,P011_OBS_A10_77K_condition,Initial_Twin_Type,ANNEALING_TWIN,categorical,VERIFIED_WORKBOOK,"pp.6-7,10-11; Figs.6-10",High,VERIFIED
P011,10.1016/j.jallcom.2023.170225,P011_MC_A10_77K,P011_OBS_A10_77K_condition,Mn_Oxide_Area_Fraction,0.0368,fraction,VERIFIED_WORKBOOK,"pp.6-7,10-11; Figs.6-10",High,VERIFIED
P011,10.1016/j.jallcom.2023.170225,P011_MC_A10_77K,P011_OBS_A10_77K_condition,Feedstock_Composition_at_pct,Fe49.2Mn31.4Co9.4Cr10.0,at.%,VERIFIED_WORKBOOK,"pp.6-7,10-11; Figs.6-10",High,VERIFIED
P011,10.1016/j.jallcom.2023.170225,P011_MC_A10_77K,P011_OBS_A10_77K_condition,Local_EDS_Composition_at_pct,Fe49.5Mn29.6Co10.5Cr10.4,at.%,VERIFIED_WORKBOOK,"pp.6-7,10-11; Figs.6-10",High,VERIFIED
P011,10.1016/j.jallcom.2023.170225,P011_MC_A10_77K,P011_OBS_A10_77K_condition,FCC_lattice_a_XRD_A,3.5981,A,VERIFIED_WORKBOOK,"pp.6-7,10-11; Figs.6-10",High,VERIFIED
P011,10.1016/j.jallcom.2023.170225,P011_MC_A10_77K,P011_OBS_A10_77K_condition,HCP_lattice_a_XRD_A,2.5416,A,VERIFIED_WORKBOOK,"pp.6-7,10-11; Figs.6-10",High,VERIFIED
P011,10.1016/j.jallcom.2023.170225,P011_MC_A10_77K,P011_OBS_A10_77K_condition,HCP_lattice_c_XRD_A,4.0979,A,VERIFIED_WORKBOOK,"pp.6-7,10-11; Figs.6-10",High,VERIFIED
P011,10.1016/j.jallcom.2023.170225,P011_MC_A10_298K,P011_OBS_A10_298_eps0,HCP_fraction_at_condition,0.047,fraction,EBSD pre-deformation,Fig.4b1; Fig.8,High,VERIFIED
P011,10.1016/j.jallcom.2023.170225,P011_MC_A10_298K,P011_OBS_A10_298_eps0,Twin_fraction_or_Sigma3,0.215,fraction,EBSD pre-deformation,Fig.4b1; Fig.8,High,VERIFIED
P011,10.1016/j.jallcom.2023.170225,P011_MC_A10_298K,P011_OBS_A10_298_eps15,Twin_fraction_or_Sigma3,0.034,fraction,EBSD + text,Fig.7a; Fig.8; p.6,High,VERIFIED
P011,10.1016/j.jallcom.2023.170225,P011_MC_A10_298K,P011_OBS_A10_298_eps15,KAM_mean_deg,1.05,degree,EBSD + text,Fig.7a; Fig.8; p.6,High,VERIFIED
P011,10.1016/j.jallcom.2023.170225,P011_MC_A10_298K,P011_OBS_A10_298_eps15,Effective_TRIP,1.0,binary,EBSD + text,Fig.7a; Fig.8; p.6,High,VERIFIED
P011,10.1016/j.jallcom.2023.170225,P011_MC_A10_298K,P011_OBS_A10_298_fracture,HCP_fraction_at_condition,0.421,fraction,EBSD + TEM/SAED/HRTEM,Figs.7-9; pp.6-7,High,VERIFIED
P011,10.1016/j.jallcom.2023.170225,P011_MC_A10_298K,P011_OBS_A10_298_fracture,Twin_fraction_or_Sigma3,0.016,fraction,EBSD + TEM/SAED/HRTEM,Figs.7-9; pp.6-7,High,VERIFIED
P011,10.1016/j.jallcom.2023.170225,P011_MC_A10_298K,P011_OBS_A10_298_fracture,KAM_mean_deg,1.84,degree,EBSD + TEM/SAED/HRTEM,Figs.7-9; pp.6-7,High,VERIFIED
P011,10.1016/j.jallcom.2023.170225,P011_MC_A10_298K,P011_OBS_A10_298_fracture,HCP_lath_thickness_nm,10.0,nm,EBSD + TEM/SAED/HRTEM,Figs.7-9; pp.6-7,High,VERIFIED
P011,10.1016/j.jallcom.2023.170225,P011_MC_A10_298K,P011_OBS_A10_298_fracture,Deformation_Twin_thickness_nm,4.0,nm,EBSD + TEM/SAED/HRTEM,Figs.7-9; pp.6-7,High,VERIFIED
P011,10.1016/j.jallcom.2023.170225,P011_MC_A10_298K,P011_OBS_A10_298_fracture,Effective_TRIP,1.0,binary,EBSD + TEM/SAED/HRTEM,Figs.7-9; pp.6-7,High,VERIFIED
P011,10.1016/j.jallcom.2023.170225,P011_MC_A10_298K,P011_OBS_A10_298_fracture,Effective_TWIP,1.0,binary,EBSD + TEM/SAED/HRTEM,Figs.7-9; pp.6-7,High,VERIFIED
P011,10.1016/j.jallcom.2023.170225,P011_MC_A10_77K,P011_OBS_A10_77_eps0,HCP_fraction_at_condition,0.047,fraction,Same A10 pre-deformation state,Fig.4b1; Fig.8,High,VERIFIED
P011,10.1016/j.jallcom.2023.170225,P011_MC_A10_77K,P011_OBS_A10_77_eps0,Twin_fraction_or_Sigma3,0.215,fraction,Same A10 pre-deformation state,Fig.4b1; Fig.8,High,VERIFIED
P011,10.1016/j.jallcom.2023.170225,P011_MC_A10_77K,P011_OBS_A10_77_eps15,Twin_fraction_or_Sigma3,0.039,fraction,EBSD + temperature-mechanism text,"Fig.7c; Fig.8; pp.6-7,10",High,VERIFIED
P011,10.1016/j.jallcom.2023.170225,P011_MC_A10_77K,P011_OBS_A10_77_eps15,KAM_mean_deg,0.99,degree,EBSD + temperature-mechanism text,"Fig.7c; Fig.8; pp.6-7,10",High,VERIFIED
P011,10.1016/j.jallcom.2023.170225,P011_MC_A10_77K,P011_OBS_A10_77_eps15,Effective_TRIP,1.0,binary,EBSD + temperature-mechanism text,"Fig.7c; Fig.8; pp.6-7,10",High,VERIFIED
P011,10.1016/j.jallcom.2023.170225,P011_MC_A10_77K,P011_OBS_A10_77_eps15,Effective_TWIP,0.0,binary,EBSD + temperature-mechanism text,"Fig.7c; Fig.8; pp.6-7,10",High,VERIFIED
P011,10.1016/j.jallcom.2023.170225,P011_MC_A10_77K,P011_OBS_A10_77_fracture,HCP_fraction_at_condition,0.526,fraction,EBSD + TEM/SAED/HRTEM,Figs.7-10; pp.6-7,High,VERIFIED
P011,10.1016/j.jallcom.2023.170225,P011_MC_A10_77K,P011_OBS_A10_77_fracture,Twin_fraction_or_Sigma3,0.018,fraction,EBSD + TEM/SAED/HRTEM,Figs.7-10; pp.6-7,High,VERIFIED
P011,10.1016/j.jallcom.2023.170225,P011_MC_A10_77K,P011_OBS_A10_77_fracture,KAM_mean_deg,2.07,degree,EBSD + TEM/SAED/HRTEM,Figs.7-10; pp.6-7,High,VERIFIED
P011,10.1016/j.jallcom.2023.170225,P011_MC_A10_77K,P011_OBS_A10_77_fracture,HCP_lath_thickness_nm,34.0,nm,EBSD + TEM/SAED/HRTEM,Figs.7-10; pp.6-7,High,VERIFIED
P011,10.1016/j.jallcom.2023.170225,P011_MC_A10_77K,P011_OBS_A10_77_fracture,Effective_TRIP,1.0,binary,EBSD + TEM/SAED/HRTEM,Figs.7-10; pp.6-7,High,VERIFIED
P011,10.1016/j.jallcom.2023.170225,P011_MC_A10_77K,P011_OBS_A10_77_fracture,Effective_TWIP,0.0,binary,EBSD + TEM/SAED/HRTEM,Figs.7-10; pp.6-7,High,VERIFIED
