Paper_ID,DOI,Parent_ML_Condition_ID,Observation_ID,Alloy_Label,Test_T_K,True_Strain,Observation_Role,Independent_ML_sample,TRIP_at_stage,TWIP_at_stage,Slip_at_stage,HCP_fraction,Twin_fraction,GND_density_m-2,Martensite_lath_thickness,Martensite_interspace_nm,Deformation_twin_thickness_nm,Observed_Microstructure,Evidence_Location,Confidence,Notes,Source_URL
P012,10.1016/j.jallcom.2022.165108,P012_MC_BASE_RT,P012_OBS_BASE_RT_eps005,Base,298,0.05,REPEATED_STAGE,False,,0,1,,,,,,,Loosely knit dislocations/dislocation clusters; mechanical twins not observed,Fig.5; p.7,High,Stage-specific TWIP=0 is explicit; no phase analysis supports TRIP label here.,https://doi.org/10.1016/j.jallcom.2022.165108
P012,10.1016/j.jallcom.2022.165108,P012_MC_BASE_RT,P012_OBS_BASE_RT_eps010,Base,298,0.1,REPEATED_STAGE,False,,1,1,,,,,,10.0,Planar dislocation arrays + deformation nanotwins (~10 nm),Fig.5; pp.7-9,High,Direct TEM/SADP evidence of deformation twins.,https://doi.org/10.1016/j.jallcom.2022.165108
P012,10.1016/j.jallcom.2022.165108,P012_MC_BASE_RT,P012_OBS_BASE_RT_eps020,Base,298,0.2,REPEATED_STAGE,False,0.0,1,1,0.0,,139000000000000.0,,,,Single FCC phase + narrow deformation-twin bands,Fig.6; pp.8-9,High,Direct phase map supports TRIP=0 at this stage.,https://doi.org/10.1016/j.jallcom.2022.165108
P012,10.1016/j.jallcom.2022.165108,P012_MC_BASE_RT,P012_OBS_BASE_RT_eps045,Base,298,0.45,REPEATED_STAGE,False,,1,1,,,,,,,Intense deformation twinning; secondary/hierarchical twins at high strain,Fig.7; pp.8-10,High,Do not infer phase fraction because Fig.7 is GB/IPF-based rather than a quantitative phase map.,https://doi.org/10.1016/j.jallcom.2022.165108
P012,10.1016/j.jallcom.2022.165108,P012_MC_MO_RT,P012_OBS_MO_RT_eps005,Mo1.7,298,0.05,REPEATED_STAGE,False,,0,1,,,,,,,Loosely knit dislocations/dislocation clusters; mechanical twins not observed,Fig.5; p.7,High,Stage-specific TWIP=0 is explicit; no phase analysis supports TRIP label here.,https://doi.org/10.1016/j.jallcom.2022.165108
P012,10.1016/j.jallcom.2022.165108,P012_MC_MO_RT,P012_OBS_MO_RT_eps010,Mo1.7,298,0.1,REPEATED_STAGE,False,,1,1,,,,,,10.0,Planar dislocation arrays + deformation nanotwins (~10 nm),Fig.5; pp.7-9,High,Direct TEM/SADP evidence of deformation twins.,https://doi.org/10.1016/j.jallcom.2022.165108
P012,10.1016/j.jallcom.2022.165108,P012_MC_MO_RT,P012_OBS_MO_RT_eps020,Mo1.7,298,0.2,REPEATED_STAGE,False,0.0,1,1,0.0,,280000000000000.0,,,,Single FCC phase + narrow deformation-twin bands,Fig.6; pp.8-9,High,Direct phase map supports TRIP=0 at this stage.,https://doi.org/10.1016/j.jallcom.2022.165108
P012,10.1016/j.jallcom.2022.165108,P012_MC_MO_RT,P012_OBS_MO_RT_eps045,Mo1.7,298,0.45,REPEATED_STAGE,False,,1,1,,,,,,,Intense deformation twinning; secondary/hierarchical twins at high strain,Fig.7; pp.8-10,High,Do not infer phase fraction because Fig.7 is GB/IPF-based rather than a quantitative phase map.,https://doi.org/10.1016/j.jallcom.2022.165108
P012,10.1016/j.jallcom.2022.165108,P012_MC_C_RT,P012_OBS_C_RT_eps005,C0.5_nominal,298,0.05,REPEATED_STAGE,False,,0,1,,,,,,,Loosely knit dislocations/dislocation clusters; mechanical twins not observed,Fig.5; p.7,High,Stage-specific TWIP=0 is explicit; no phase analysis supports TRIP label here.,https://doi.org/10.1016/j.jallcom.2022.165108
P012,10.1016/j.jallcom.2022.165108,P012_MC_C_RT,P012_OBS_C_RT_eps010,C0.5_nominal,298,0.1,REPEATED_STAGE,False,,1,1,,,,,,10.0,Planar dislocation arrays + deformation nanotwins (~10 nm),Fig.5; pp.7-9,High,Direct TEM/SADP evidence of deformation twins.,https://doi.org/10.1016/j.jallcom.2022.165108
P012,10.1016/j.jallcom.2022.165108,P012_MC_C_RT,P012_OBS_C_RT_eps020,C0.5_nominal,298,0.2,REPEATED_STAGE,False,0.0,1,1,0.0,,370000000000000.0,,,,Single FCC phase + narrow deformation-twin bands,Fig.6; pp.8-9,High,Direct phase map supports TRIP=0 at this stage.,https://doi.org/10.1016/j.jallcom.2022.165108
P012,10.1016/j.jallcom.2022.165108,P012_MC_C_RT,P012_OBS_C_RT_eps045,C0.5_nominal,298,0.45,REPEATED_STAGE,False,,1,1,,,,,,,Intense deformation twinning; secondary/hierarchical twins at high strain,Fig.7; pp.8-10,High,Do not infer phase fraction because Fig.7 is GB/IPF-based rather than a quantitative phase map.,https://doi.org/10.1016/j.jallcom.2022.165108
P012,10.1016/j.jallcom.2022.165108,P012_MC_BASE_77K,P012_OBS_BASE_77_eps020,Base,77,0.2,REPEATED_STAGE,False,1.0,0,1,,,,1.3 ± 0.4 µm (EBSD-scale laths); 13 nm nano-laths by HRTEM,80.0,,SIMT in most grains; no microscale mechanical twins observed,"Figs.10,13; pp.12,14-15",High,TWIP=0 is stage-specific and scale-qualified; overall condition TWIP remains NA.,https://doi.org/10.1016/j.jallcom.2022.165108
P012,10.1016/j.jallcom.2022.165108,P012_MC_MO_77K,P012_OBS_MO_77_eps010,Mo1.7,77,0.1,REPEATED_STAGE,False,0.0,0,1,,,,,,,FCC with extended stacking faults; no SIMT; no deformation twins observed in early stage,Fig.14a; pp.14-16,High,"Text explicitly states no SIMT at early stage; caption wording is less clear, so detailed Results text governs.",https://doi.org/10.1016/j.jallcom.2022.165108
P012,10.1016/j.jallcom.2022.165108,P012_MC_MO_77K,P012_OBS_MO_77_eps020,Mo1.7,77,0.2,REPEATED_STAGE,False,1.0,0,1,,,,70,20.0,,SIMT with ε-martensite laths; γ nanolaminates (~15 nm) remain between martensite bands,"Figs.11,14; pp.12-16",High,No deformation twins observed; SIMT becomes dominant at high strain.,https://doi.org/10.1016/j.jallcom.2022.165108
P012,10.1016/j.jallcom.2022.165108,P012_MC_MO_77K,P012_OBS_MO_77_eps050,Mo1.7,77,0.5,REPEATED_STAGE,False,1.0,0,1,0.668,,,,,,High ε-martensite fraction at 50% strain,Fig.9; p.11,High,Exact 66.8% HCP at 50% strain is text-reported.,https://doi.org/10.1016/j.jallcom.2022.165108
P012,10.1016/j.jallcom.2022.165108,P012_MC_C_77K,P012_OBS_C_77_eps010,C0.5_nominal,77,0.1,REPEATED_STAGE,False,0.0,1,1,,0.0189,,,,10.0,Deformation nanotwins; no SIMT,Fig.15a; pp.15-16; twin fraction text p.14,High,Twin fraction 1.89% at true strain 0.1 is explicitly stated in main text (citing Fig.S2).,https://doi.org/10.1016/j.jallcom.2022.165108
P012,10.1016/j.jallcom.2022.165108,P012_MC_C_77K,P012_OBS_C_77_eps020,C0.5_nominal,77,0.2,REPEATED_STAGE,False,1.0,1,1,,,,8,,35.0,Complex TWIP/TRIP structure: deformation nanotwins + ε nano-laths + γ nanolaminates,"Figs.12,15; pp.13-17",High,Direct simultaneous TWIP/TRIP evidence in a single grain.,https://doi.org/10.1016/j.jallcom.2022.165108
P012,10.1016/j.jallcom.2022.165108,P012_MC_C_77K,P012_OBS_C_77_eps040,C0.5_nominal,77,0.4,REPEATED_STAGE,False,1.0,1,1,,0.085,,,,,Combined TWIP/TRIP at higher strain,p.14 + Fig.S2 referenced; pp.16-17,High,Twin fraction 8.5% at true strain 0.4 is text-reported.,https://doi.org/10.1016/j.jallcom.2022.165108
P012,10.1016/j.jallcom.2022.165108,P012_MC_C_77K,P012_OBS_C_77_eps050,C0.5_nominal,77,0.5,REPEATED_STAGE,False,1.0,1,1,0.3,,,,,,HCP fraction reaches ~30% at 50% strain,Fig.9; p.11,High,Text reports HCP volume fraction increased up to 30% at strain 50%.,https://doi.org/10.1016/j.jallcom.2022.165108
