Issue_ID,Paper_ID,Scope,Decision,Severity,Scientific_Rationale,Implementation_Rule,Evidence_Location,Confidence,Source_URL
C001,P017,Domain identity,P017 is computational MD only; contribute zero independent experimental ML conditions.,CRITICAL,"The study constructs atomistic models, melt/quenches them and deforms them in LAMMPS; experimental studies are used only for comparison.",Data_Origin=COMPUTATIONAL_MD. Independent_Experimental_ML_sample=False for every P017 record.,Abstract; Sec.2,High,https://doi.org/10.1016/j.ijplas.2019.102649
C002,P017,TRIP target semantics,Do not merge authors-native P017 TRIP labels directly into the experimental TRIP target pool.,CRITICAL,"P017 TRIP includes reversible BCC↔FCC(HCP/SF) transformations, whereas the project experimental target is primarily deformation-induced FCC→HCP martensitic transformation.",Store Paper_Native_TRIP separately and Experimental_Target_Eligibility=NOT_ELIGIBLE_FOR_EXPERIMENTAL_TARGET_POOL.,Abstract; Secs.3-4; Tables 1-2,High,https://doi.org/10.1016/j.ijplas.2019.102649
C003,P017,TWIP target semantics,Do not merge P017 native TWIP labels directly into experimental TWIP labels.,CRITICAL,"Key nanotwinning in this paper is identified inside BCC and participates in TRIP-induced TWIP / TWIP-induced TRIP, which is not equivalent to standard FCC deformation-twinning evidence in the experimental dataset.",Store Paper_Native_TWIP with phase/mechanism scope; no Effective_Experimental_TWIP label.,"Secs.4.1-4.3; Figs.20,24,25",High,https://doi.org/10.1016/j.ijplas.2019.102649
C004,P017,PTM HCP meaning,Do not treat every HCP-classified atom as bulk ε-martensite fraction.,CRITICAL,The authors explicitly state SFs are detected based on HCP structure inside FCC; HCP PTM environments can represent stacking faults.,Use HCP_or_SF terminology unless the paper specifically identifies a phase transformation state.,Abstract; Sec.3.1,High,https://doi.org/10.1016/j.ijplas.2019.102649
C005,P017,SFE provenance,Keep FCC γsf -14/-27 and BCC γusf 610/579 as 0 K EAM GSFE values.,MAJOR,"They are structure-specific computational energies from separate FCC/BCC GSFE models, not finite-temperature experimental SFE measurements.","Never merge with experimental, thermodynamic or DFT SFE without method/domain fields.",Sec.2 p.3; Sec.3.1 pp.4-5,High,https://doi.org/10.1016/j.ijplas.2019.102649
C006,P017,Strain-rate domain,Preserve MD strain rates 1e8-1e10 s^-1 and never compare them numerically as if they were quasi-static experimental strain rates.,CRITICAL,The simulated rates are many orders of magnitude above typical experiments and can alter activated defect mechanisms.,Computational conditions remain separate in domain-aware analysis.,Sec.3.4; Figs.18-19,High,https://doi.org/10.1016/j.ijplas.2019.102649
C007,P017,Stress metrics,"SIS-PSR and UTS-PSR are paper-specific MD stress-regime metrics, not engineering YS/UTS.",MAJOR,Table 1 defines 'Strength at initial steps of plastic strengthening regime' and 'Ultimate tensile strength at plastic strengthening regime'.,Store in dedicated SIS_PSR_GPa / UTS_PSR_GPa fields.,Table 1 p.22,High,https://doi.org/10.1016/j.ijplas.2019.102649
C008,P017,Condition vs replicate,"The 12 'samples' are 12 simulation conditions, not physical or tensile replicates.",CRITICAL,They arise from two compositions across temperature/strain-rate combinations.,Count as 12 independent computational conditions only; experimental condition increment = 0.,Sec.4.4; Table 1,High,https://doi.org/10.1016/j.ijplas.2019.102649
C009,P017,Figure digitization,Do not digitize full phase-fraction/dislocation-density trajectories in this recovery task.,MAJOR,Dense time-series points are highly correlated and digitization would add avoidable uncertainty.,Keep Table 1 condition summary and only high-value text/figure landmark sequences.,"Figs.6,8,12,14,19",High,https://doi.org/10.1016/j.ijplas.2019.102649
